subjectid$id	week sample obtained$clinical	s__bacteroides_ovatus$taxa	s__odoribacter_splanchnicus$taxa	s__bacteroides_caccae$taxa	s__bacteroides_finegoldii$taxa	s__bacteroides_xylanisolvens$taxa	s__escherichia_coli$taxa	s__alistipes_shahii$taxa	s__bacteroides_cellulosilyticus$taxa	s__haemophilus_parainfluenzae$taxa	s__bacteroides_faecis$taxa	s__bacteroides_stercoris$taxa	s__ruminococcus_torques$taxa	s__roseburia_intestinalis$taxa	s__clostridium_bolteae$taxa	s__streptococcus_parasanguinis$taxa	s__bacteroides_thetaiotaomicron$taxa	s__klebsiella_pneumoniae$taxa	s__eubacterium_ventriosum$taxa	s__bacteroides_fragilis$taxa	s__clostridium_clostridioforme$taxa	s__faecalibacterium_prausnitzii$taxa	s__akkermansia_muciniphila$taxa	s__bifidobacterium_longum$taxa	s__bacteroides_uniformis$taxa	s__roseburia_inulinivorans$taxa	s__eubacterium_rectale$taxa	s__eubacterium_siraeum$taxa
47	10	0.001158277	0	3.35E-06	0	0.005827554	0.008317872	2.18E-05	0	0.00395525	0	0.003127022	0.002941821	0.0028086	0.004836311	0.002412721	2.32E-06	0.000523566	0	0.026936246	4.90E-05	0.108975398	0	0	0.114948915	0.004781738	0.013373927	0
47	11	0.001142827	0	3.59E-06	0	0.005870879	0.005815503	2.27E-05	0	0.00461998	0	0.003278922	0.003073716	0.009604968	0.005045613	0.002675116	2.22E-06	0.000549514	0	0.023441236	4.79E-05	0.201087171	0	0	0.110663183	0.017175715	0.008253397	0
47	12	0.001122232	0	3.81E-06	0	0.005867414	0.001555823	2.32E-05	0	0.005957629	0	0.003387017	0.003186514	0.034862065	0.005212178	0.002887158	2.33E-06	0.000575774	0	0.052940095	4.67E-05	0.361585496	0	0.001249667	0.074386801	0.033472503	0.048089193	0
47	13	0.001004597	0	3.68E-06	0	0.005331954	0	2.16E-05	0	0.007072673	0	0.003165519	0.003007351	0.054513907	0.004892206	0.002798431	2.43E-06	0.000551943	0	0.043292205	4.14E-05	0.469478202	0	0.006037991	0.03782401	0.042017253	0.143343572	0
47	14	0.001030587	0	4.08E-06	0	0.005541325	0	2.28E-05	0	0.009345252	0	0.00337142	0.003252842	0.062021761	0.005252591	0.003076651	3.05E-06	0.000608888	0	0.020700226	4.21E-05	0.5020706	0.001853495	0.013667454	0.01820933	0.044776772	0.211153762	0
47	15	0.000991578	0	4.24E-06	0	0.005392057	0.010742551	2.26E-05	0	0.011112436	0	0.003353421	0.003304307	0.035666201	0.005285942	0.003150213	3.69E-06	0.000633056	0	0.004668925	4.02E-05	0.28149503	0.003745836	0.022997046	0.006637078	0.029160638	0.127405109	0
47	16	0.001001798	0	4.64E-06	0	0.005501613	0.07690947	2.33E-05	0	0.013259285	0	0.003491344	0.003533878	0.000923663	0.00558856	0.003371512	4.74E-06	0.000695052	0	0	4.03E-05	0.004118978	0.004567266	0.0363562	0.001711079	0.009424526	0.008481865	0
47	17	0.000822895	0	4.15E-06	0	0.004558358	0.172743272	1.96E-05	0	0.012289269	0	0.002948481	0.003085054	0	0.004811631	0.0029262	4.98E-06	0.000624575	0	0.001170638	3.28E-05	0	0.003150423	0.042490931	0	0	0	0
47	18	0.000865127	0	4.77E-06	0	0.004828769	0.253169415	2.10E-05	0	0.014093652	0	0.003181925	0.003466093	0.000414507	0.005317292	0.003248088	6.69E-06	0.000723986	0	0.006072214	3.41E-05	0.007194289	0.00151894	0.052785613	0	0	0	0
47	19	0.000705135	0	4.29E-06	0	0.0039619	0.13622273	1.75E-05	0	0.012232458	0	0.002659856	0.003041342	0.042914608	0.004575104	0.002798165	6.98E-06	0.000656763	0	0.006876457	2.74E-05	0.353639019	0	0.038925576	0	0	0.000662736	0
47	20	0.000622668	0	4.21E-06	0	0.003518597	0.013434195	1.57E-05	0	0.011298977	0	0.002408567	0.002919267	0.083013628	0.004290799	0.002619762	7.89E-06	0.000652878	0	0	2.39E-05	0.652495526	0	0.024106963	0	0.000762883	0	0
47	21	0.000524359	0	4.00E-06	0	0.002977361	0	1.35E-05	0	0.009822805	0	0.002081451	0.002706308	0.089447886	0.003870228	0.002352254	8.54E-06	0.000627746	0	0	1.98E-05	0.646381464	0	0.010881662	0.000479451	0.00596132	0.007929117	0
47	22	0.000491478	0	4.30E-06	0	0.002801411	0	1.29E-05	0	0.009422697	0	0.002005864	0.002839915	0.074701833	0.003931693	0.002372136	1.04E-05	0.000683992	0	0.072709019	1.81E-05	0.519101969	0	0.002485647	0.001518144	0.009901282	0.018363745	0
47	23	0.000418224	0	4.29E-06	0	0.002390278	0.003443127	1.11E-05	0	0.008182902	0	0.001761347	0.002768294	0.03216677	0.003687991	0.002202575	1.17E-05	0.000692824	2.58E-06	0.388089293	1.50E-05	0.288964548	0	0	0.002014539	0.010044197	0.017744353	0
47	24	0.000335692	0	4.17E-06	0	0.001920718	0.005007187	9.15E-06	0	0.006748964	0	0.001468497	0.002628869	0.013840468	0.003345785	0.001972142	1.26E-05	0.000683868	8.16E-06	0.648395183	1.15E-05	0.123674967	4.82E-05	0	0.00154723	0.011250295	0.013486968	0
47	25	0.000255875	0	4.03E-06	0	0.001461956	0.005415835	7.16E-06	0	0.005424088	0	0.00117698	0.002487619	0.051159544	0.002998022	0.001738659	1.36E-05	0.000672458	1.39E-05	0.617386416	8.20E-06	0.108865419	0.006463444	0	0	0.019749529	0.01792332	0
47	26	0.000186636	0	4.03E-06	0	0.001059522	0.006138663	5.43E-06	0	0.004460569	0	0.000925673	0.002436881	0.087860227	0.002751204	0.001564535	1.49E-05	0.000683882	2.06E-05	0.445890062	5.26E-06	0.177515968	0.016575905	0	0	0.042760342	0.043911263	0
47	27	0.000116696	0	4.01E-06	0	0.000649297	0.00660407	3.65E-06	0	0.003695971	0	0.000664763	0.002381446	0.065537375	0.002485406	0.001380975	1.63E-05	0.000692589	2.78E-05	0.285277335	2.30E-06	0.240501292	0.029703031	0	0	0.080580238	0.095994347	0
47	28	4.71E-05	0	3.94E-06	0	0.000237757	0.006713519	1.83E-06	0	0.003127766	0	0.000397199	0.002311133	0.028014837	0.002193271	0.001186267	1.75E-05	0.000694583	3.53E-05	0.167488375	0	0.284502487	0.038970312	0.001031065	0.00476386	0.106813832	0.143512164	0
47	29	0	0	3.85E-06	0	0	0.006506364	5.01E-08	0	0.002758836	0	0.000133089	0.002232832	0.032346295	0.001887468	0.000990153	1.85E-05	0.000690648	4.29E-05	0.088725838	0	0.318599498	0.037930586	0.001831464	0.0408848	0.096934702	0.155264048	0
47	30	0	0	3.73E-06	0	0	0.006039686	0	0	0.002584308	0	0	0.002155348	0.065965709	0.001581158	0.000802312	1.94E-05	0.00068237	5.06E-05	0.043036757	0	0.358366805	0.028813756	0.002334929	0.083335437	0.065314442	0.14000316	0
47	31	0	0	3.56E-06	0	0	0.005323494	0	0	0.002567843	0	0	0.002067171	0.096717561	0.001272763	0.000624715	1.99E-05	0.000665041	5.78E-05	0.02276176	0	0.417424385	0.016044954	0.002554403	0.10528211	0.036433554	0.116237056	0
47	32	0	0	3.34E-06	0	0	0.004397257	0	0	0.002665168	0	0	0.001958929	0.092132152	0.000968893	0.000463506	1.99E-05	0.00063461	6.38E-05	0.019684792	0	0.506388184	0.004514266	0.002508887	0.080596542	0.035084077	0.103229888	0
47	33	0	0	3.06E-06	0	0	0.003359764	0	0	0.002837017	0	0	0.001836216	0.045551989	0.000687497	0.000329262	1.94E-05	0.000592378	6.82E-05	0.024861807	0	0.583028842	0	0.002252169	0.042628991	0.054319324	0.103508436	0
47	34	0	0	3.11E-06	0	0	0.002620473	0	0	0.003438498	0	0	0.001930016	0.018347089	0.000502263	0.00025954	2.08E-05	0.000611934	8.00E-05	0.029214791	0	0.533880421	0	0.002098339	0.115475965	0.026404696	0.085620269	0
47	35	0	0	2.85E-06	0	0	0.001606396	0	0	0.003813373	0	0	0.001859411	0.011195668	0.000293421	0.000197209	2.00E-05	0.000570724	8.43E-05	0.011494107	0	0.262228549	0.002905385	0.001642924	0.05463208	0.005851503	0.041612053	0
47	36	0	0	2.50E-06	0	0	0.00067317	0	0	0.004038634	0	0	0.00173372	0.016230542	0.000126114	0.000168583	1.81E-05	0.000506578	8.41E-05	0.005539174	0	0.042638261	0.007148636	0.001113277	0.011165679	0.004610617	0.011117979	0
47	37	0	0	2.28E-06	0	0	0	0	0	0.004446342	0	0	0.001714859	0.025350142	1.68E-05	0.00018828	1.70E-05	0.000468448	8.71E-05	0.034715044	0	0.033779067	0.009561985	0.000673572	0.140495734	0.007414851	0.016431129	0
47	38	0	0	2.55E-06	0	0	0	0	0	0.005930675	0	0	0.002103592	0.042470333	0	0.00030237	1.93E-05	0.000527183	0.000109578	0.077378056	0	0.13465491	0.012317648	0.000347568	0.322163094	0.01309478	0.071550133	0
47	39	0	0	2.23E-06	0	0	0	0	0	0.006140816	0	0	0.002052495	0.049878311	0	0.000404911	1.69E-05	0.000462919	0.000107499	0.070161788	0	0.171696619	0.010840116	0	0.25506957	0.016370786	0.14755853	0
47	40	0	0	2.29E-06	0	0	0	0	0	0.007349822	0	0	0.002371078	0.061946905	0	0.000633352	1.69E-05	0.00047214	0.000122561	0.060582696	0	0.210705943	0.009940631	0	0.155357116	0.021947717	0.221305885	0
47	41	0	0	1.05E-06	0	0	0	0	0	0.003905267	0	0	0.001244064	0.031156689	1.08E-05	0.000434246	7.38E-06	0.000214614	6.24E-05	0.029968146	0	0.124765418	0.00361382	0	0.062145755	0.012243966	0.099137259	0
47	42	0	0	1.93E-06	0	0	0	0	0	0.008151536	0	0	0.002619252	0.054518695	0.000161154	0.001148906	1.23E-05	0.000384199	0.000125577	0.06319167	0	0.299901834	0.004401851	0	0.158307143	0.025180305	0.139473541	0
47	43	3.44E-05	0	1.82E-06	0	9.68E-05	0	1.60E-07	0	0.008643538	0	1.68E-05	0.002856672	0.040926428	0.000364219	0.001518948	9.95E-06	0.000349626	0.000129202	0.058407492	1.43E-06	0.354614161	0.0020314	0	0.199411465	0.024416414	0.100216	0
47	44	0.000144894	0	1.77E-06	0	0.000761409	0.000863745	3.06E-06	0	0.009271427	0	0.000430768	0.003208821	0.029992243	0.000648815	0.002004922	7.43E-06	0.000321266	0.000135361	0.060491095	6.29E-06	0.395045273	0.000373346	0.000523233	0.22765263	0.021469548	0.07936082	0
10	8	0.000867982	0.011074187	0.018187627	0	0.000290087	0.001619001	0.007612926	0.081415015	0.000240546	0.000394495	0.024324941	0.001543376	0.005169377	0.003314143	0.000625201	0	0	0.000727581	0	9.29E-06	0.12028129	8.79E-06	0	0.06691233	0.003617153	0.007757847	0
10	9	0.000882458	0.011125849	0.018308293	0	0.000262406	0.001556607	0.008512798	0.065313216	0.00013253	0.0004252	0.026599449	0.001531548	0.006386347	0.003495491	0.000649705	0	0	0.000680125	0	9.86E-06	0.137730439	1.32E-05	0	0.08872766	0.00313637	0.007101462	0.011469912
10	10	0.00086495	0.010959337	0.018639819	0	0.000251368	0.001442965	0.009162292	0.049811163	6.31E-05	0.000449751	0.028281313	0.001500848	0.007645464	0.003530192	0.000654765	8.17E-05	0	0.000620623	0	9.99E-06	0.145830125	1.79E-05	0	0.118587086	0.002650514	0.0063109	0.068558274
10	11	0.000831351	0.01075147	0.019369222	0	0.000259342	0.00130853	0.009673774	0.041982447	3.82E-05	0.000473367	0.029617143	0.001474795	0.008912925	0.003478236	0.000650682	0.005273865	0	0.000562842	0	9.85E-06	0.144853196	2.27E-05	0	0.142617538	0.0022263	0.005536626	0.126083045
10	12	0.000792028	0.010609824	0.020590797	0	0.000286505	0.001170219	0.010142622	0.04722928	5.93E-05	0.00049999	0.030783374	0.001466904	0.010174934	0.003382646	0.000644459	0.009613295	0	0.000514072	0	9.56E-06	0.135003466	2.78E-05	0	0.148778752	0.001890458	0.004853895	0.159366943
10	13	0.000748361	0.010533838	0.022235598	0	0.000331117	0.001029305	0.010578369	0.063586051	0.000128134	0.000529465	0.031689081	0.00147613	0.011356056	0.003250155	0.000636573	0.012753889	0	0.000475125	0	9.16E-06	0.117945708	3.31E-05	0	0.136585828	0.001641487	0.00427022	0.163992245
10	14	0.000698312	0.010476191	0.024136603	0	0.000390219	0.0008828	0.010938521	0.08412518	0.000247045	0.000559127	0.032084501	0.001495021	0.012320652	0.003071863	0.000624523	0.016099337	0	0.000445057	0	8.60E-06	0.096818347	3.84E-05	0	0.113339748	0.001473849	0.003778632	0.148344929
10	15	0.000640537	0.010388875	0.026090628	0	0.000459906	0.00073016	0.011170704	0.101435434	0.000416824	0.000585661	0.031697462	0.001515634	0.012908864	0.002840882	0.000605847	0.021041764	0	0.000423539	0	7.89E-06	0.07513999	4.34E-05	0	0.086819708	0.001386086	0.003381999	0.121119504
10	16	0.000574871	0.010225873	0.027856979	0	0.000534832	0.000573782	0.01121974	0.107796603	0.000634521	0.000605291	0.030272057	0.001529616	0.012954017	0.002555304	0.000578516	0.028866591	0	0.000410546	0	7.01E-06	0.056855072	4.78E-05	3.85E-07	0.065369096	0.001377438	0.003089533	0.091691849
10	17	0.000503257	0.009959742	0.029215126	0	0.000608894	0.000419521	0.011050829	0.09706786	0.000892418	0.000614947	0.027676775	0.00153058	0.012338539	0.002223249	0.000542015	0.04039162	0	0.000406435	0	6.00E-06	0.045781931	5.11E-05	5.64E-06	0.056755905	0.0014459	0.002914943	0.069374082
10	18	0.000434744	0.009706155	0.030444354	0	0.000684706	0.000278603	0.010793099	0.076767721	0.001193615	0.000620638	0.024445167	0.001534107	0.011272191	0.00188519	0.000503739	0.054159292	0	0.000416725	0	4.97E-06	0.042444913	5.37E-05	1.16E-05	0.061033132	0.001605854	0.002905879	0.057096453
10	19	0.000377914	0.009638413	0.032155198	0	0.000773806	0.000156713	0.010642799	0.060626597	0.001564473	0.000633287	0.021272109	0.001567155	0.010076152	0.001577861	0.000472812	0.068160761	0	0.000450178	0	4.02E-06	0.04518597	5.66E-05	1.85E-05	0.073874844	0.001889783	0.003127028	0.053096955
10	20	0.000331202	0.009741388	0.034427729	0	0.000877709	5.06E-05	0.010579116	0.052267595	0.00202344	0.000652118	0.018250536	0.001628423	0.008795753	0.001290913	0.000447519	0.079834833	0	0.000509436	0	3.12E-06	0.051906496	5.98E-05	2.66E-05	0.090637884	0.002313661	0.003603247	0.054728556
10	21	0.000289023	0.009837668	0.0367224	0	0.000981119	0	0.010400662	0.047917429	0.002549858	0.000664779	0.0152294	0.001688461	0.007341484	0.0009991	0.00041918	0.084712022	2.56E-06	0.000588869	0	2.21E-06	0.05974607	6.20E-05	3.58E-05	0.104972269	0.00285431	0.004305742	0.058783069
10	22	0.0002489	0.009735531	0.038302029	0	0.001060215	0	0.009909598	0.04388192	0.003083165	0.000657346	0.012279211	0.001712066	0.005726283	0.000698469	0.000380895	0.077689884	5.15E-06	0.000676929	0	1.30E-06	0.065200845	6.18E-05	4.52E-05	0.10923353	0.003448513	0.005155158	0.061720888
10	23	0.000214481	0.009417928	0.038994196	0	0.001105102	0	0.009117004	0.038422642	0.003579474	0.000628231	0.009829366	0.001692426	0.004565062	0.000414418	0.00033478	0.061141704	7.12E-06	0.000766896	0	4.62E-07	0.065685484	5.92E-05	5.38E-05	0.100924031	0.004048391	0.006092211	0.060923076
10	24	0.000200178	0.009439658	0.041086245	0	0.001177851	0	0.008570839	0.03602031	0.004239324	0.000614203	0.008726979	0.00172775	0.006266672	0.000181757	0.000301546	0.059928009	8.74E-06	0.000902782	0	0	0.0633815	5.74E-05	6.48E-05	0.09558286	0.004880556	0.007465705	0.057909119
10	25	0.000206456	0.009806199	0.044714555	0	0.001284133	0	0.008217435	0.037342966	0.005133064	0.000613338	0.009010538	0.001821122	0.01289292	0	0.000278343	0.078265562	1.01E-05	0.001100338	0	0	0.061494339	5.62E-05	7.92E-05	0.097275933	0.006035896	0.009436934	0.052244997
10	26	0.000227394	0.010111778	0.047950867	0	0.001371339	0	0.007671018	0.039861575	0.006094562	0.000597626	0.010412583	0.001897173	0.025808436	0	0.000252129	0.100108897	1.06E-05	0.001326276	0	0	0.065126886	5.28E-05	9.46E-05	0.099999465	0.007330655	0.011746078	0.042669675
10	27	0.000265392	0.010343825	0.050471422	0	0.001433176	0	0.006935727	0.042389522	0.007100044	0.000565854	0.013015643	0.001951313	0.04633244	0	0.000224054	0.10950505	1.02E-05	0.001577196	0	0	0.082839668	4.72E-05	0.000110364	0.101445074	0.008738591	0.014364199	0.030909155
10	28	0.000324523	0.010577305	0.052388455	0	0.001476191	0.000131498	0.006076087	0.043995486	0.008186096	0.000521873	0.016966438	0.001995814	0.076005075	0	0.000197029	0.090771978	8.62E-06	0.00186263	0	0	0.123944333	3.96E-05	0.000127134	0.099997569	0.010306061	0.017378446	0.019113614
10	29	0.000410335	0.01089887	0.053899303	0	0.001509264	0.000324087	0.005136557	0.043762511	0.009423773	0.000468717	0.022504282	0.002045369	0.117129551	0	0.000173231	0.027459098	5.89E-06	0.002200753	0	0	0.198947249	3.01E-05	0.000145946	0.093969182	0.012127436	0.020965436	0.009196045
10	30	0.000456913	0.009801322	0.047452851	0	0.001324909	0.00050181	0.003548541	0.035022475	0.009388561	0.000350125	0.025844706	0.001818353	0.144262802	0	0.000132466	0	1.50E-06	0.002252623	0	0	0.261358736	1.58E-05	0.000144778	0.069786917	0.012338978	0.021849236	0.002503015
10	31	0.000528901	0.009181217	0.042490495	0	0.001189578	0.00070507	0.002274861	0.025770302	0.009666847	0.000252663	0.030433514	0.001672863	0.146136557	0	0.00010592	0	0	0.002383825	0	0	0.252103376	2.81E-06	0.000148261	0.043869161	0.012961948	0.02348509	0.001701394
15	27	0.124146487	0.020770643	0.046691748	8.45E-05	0.090880695	0.004438249	3.52E-05	0	0.000442004	0.000682188	0	0.020270589	0.013102341	0.000650368	0.000104851	0.084057858	4.62E-06	0.001712728	0.035697963	0	0.054700006	0	0	0.125666937	0.001365011	0.012689113	0
15	28	0.11299056	0.016356877	0.039251645	9.53E-05	0.084179628	0.004095784	3.61E-05	0	0.000458459	0.000699611	0	0.019963706	0.014532207	0.000695944	0.000138462	0.075421667	6.14E-06	0.001612397	0.034319575	1.82E-05	0.110276114	0	0	0.146610134	0.00132948	0.011558477	0
15	29	0.088906651	0.012815077	0.033171025	0.000106891	0.074037584	0.003803444	3.74E-05	0	0.000479156	0.000723768	0	0.019793881	0.015725943	0.000747905	0.000173078	0.056915498	7.72E-06	0.001532963	0.03303836	4.26E-05	0.171411263	0	0	0.176352483	0.001307541	0.010597987	0
15	30	0.058808275	0.009941464	0.028587231	0.000119276	0.062441312	0.00354668	3.89E-05	0	0.000503905	0.000754144	0	0.019720942	0.016464946	0.000806501	0.000209391	0.03567947	9.36E-06	0.00146941	0.031699713	6.91E-05	0.220214904	0	0	0.208776836	0.001296424	0.009771876	0
15	31	0.029291405	0.007603821	0.025774779	0.000132809	0.051340052	0.003319443	4.08E-05	0	0.000533391	0.000791571	0	0.019740622	0.016535085	0.000873304	0.000248341	0.018530153	1.11E-05	0.001420132	0.030201533	9.85E-05	0.23912475	0	0	0.238284796	0.001295961	0.009070153	0
15	32	0.007397322	0.005716952	0.024802113	0.000147679	0.041671733	0.003112819	4.30E-05	0	0.000567807	0.000836152	0	0.019850631	0.015860731	0.000949098	0.000290653	0.009017305	1.30E-05	0.001382367	0.028467864	0.000131594	0.224256489	0	0	0.259898339	0.001304772	0.008471078	0
15	33	0.001447437	0.004259511	0.025547598	0.000164191	0.033426599	0.002921568	4.55E-05	0	0.000607848	0.000888744	0	0.020094109	0.014566283	0.001035488	0.000337274	0.007253916	1.52E-05	0.00135493	0.02652119	0.000169487	0.188123243	0	0	0.269412243	0.001322743	0.007958271	0
15	34	0.021091845	0.003189107	0.027541412	0.00018005	0.026240619	0.002701311	4.78E-05	0	0.000644911	0.000936694	0.014009438	0.020226647	0.012585039	0.001118001	0.000383661	0.013354445	1.73E-05	0.001317643	0.02402943	0.000210284	0.142264696	0	0	0.257832871	0.001330483	0.007409681	0
15	35	0.072779538	0.002547795	0.03046082	0.000193846	0.020361566	0.002443601	4.95E-05	0	0.000674533	0.000973647	0.045716149	0.020188254	0.010077541	0.001188428	0.000426526	0.026916746	1.92E-05	0.001264371	0.021012308	0.000252079	0.101649305	0	0	0.220654643	0.001320535	0.006798922	0
15	36	0.140054789	0.002388718	0.034175678	0.000205895	0.016239735	0.002167506	5.06E-05	0	0.000698499	0.001002352	0.083099613	0.020117452	0.007363896	0.001249316	0.000466191	0.044828558	2.10E-05	0.001202085	0.017750629	0.000294768	0.074379398	0	0	0.170094774	0.00129864	0.006172671	0
15	37	0.197225977	0.002738572	0.038588056	0.000216902	0.014173888	0.001889234	5.16E-05	0	0.000719608	0.001026916	0.112589326	0.020163374	0.004737046	0.001305291	0.000504028	0.062977373	2.27E-05	0.001137672	0.014492086	0.000339068	0.063852423	0	0	0.124127091	0.00127134	0.0055702	0
15	38	0.219746547	0.003618053	0.04366672	0.000227818	0.014373263	0.001619853	5.25E-05	0	0.000741166	0.001052068	0.121271257	0.020474308	0.00243954	0.00136224	0.000542205	0.077559169	2.45E-05	0.001076903	0.011423899	0.000386518	0.072841288	0	0	0.099877119	0.001244864	0.005018981	0
15	39	0.196226139	0.005053506	0.04935026	0.00023918	0.017015176	0.001361701	5.34E-05	0	0.000764901	0.001080206	0.103079609	0.02106527	0.000599471	0.001423432	0.000582104	0.08619399	2.63E-05	0.001021716	0.008652824	0.00043844	0.10089815	0	0	0.105832101	0.001221736	0.004524157	0
15	40	0.145219012	0.007051652	0.055286342	0.000250045	0.02221517	0.001108005	5.43E-05	0	0.000787783	0.001106991	0.067638754	0.021620835	0	0.00148333	0.000621544	0.089201218	2.81E-05	0.000967518	0.006229325	0.000493578	0.139685023	0	0	0.131208383	0.001196726	0.004061783	0
15	41	0.090789947	0.009598611	0.061066406	0.000259457	0.030050865	0.000856788	5.49E-05	0	0.00080694	0.001128393	0.027570128	0.021798618	0	0.001536435	0.000658135	0.087345049	2.97E-05	0.00091123	0.004251278	0.000550178	0.17925071	0	0	0.162205404	0.001165784	0.003618244	0
15	42	0.056884102	0.012579366	0.065914368	0.000265187	0.040248332	0.000606809	5.46E-05	0	0.000815701	0.001135165	0	0.021173221	0	0.001569707	0.000686006	0.08113746	3.10E-05	0.000846842	0.002826632	0.000603045	0.208379924	0	0	0.184041498	0.001120425	0.003171788	0
15	43	0.050698574	0.015615051	0.068682186	0.000263896	0.051194417	0.000362722	5.30E-05	0	0.000804229	0.001113851	0	0.01949005	0	0.00156345	0.000695929	0.071370367	3.14E-05	0.000767426	0.002067228	0.000642846	0.219978653	0	0	0.189240983	0.001049789	0.002702825	0
15	44	0.065095321	0.018826101	0.070991496	0.000262813	0.062526169	0.000144261	5.15E-05	0	0.000794867	0.001095605	0	0.017492677	0	0.001560422	0.000706409	0.061979301	3.19E-05	0.000696928	0.0021149	0.000685392	0.221252486	0	0	0.185936439	0.00098532	0.00229979	0
15	45	0.091958419	0.02221081	0.07317254	0.000263409	0.073587325	0	5.04E-05	0	0.000791933	0.001086266	0	0.015384373	0	0.001569388	0.000721644	0.054607492	3.26E-05	0.000637716	0.003024748	0.000735319	0.215306348	0	0	0.178393315	0.000931333	0.001963492	0
15	46	0.124108471	0.025677338	0.075055494	0.000265295	0.083438951	0	4.96E-05	0	0.000794134	0.001083898	0	0.013206692	0	0.001588195	0.000740953	0.050346899	3.35E-05	0.000587016	0.004875248	0.000792941	0.20313393	1.48E-05	0	0.169018281	0.000884876	0.001678097	0
16	8	0.022295775	0.004596989	0.024351179	0.00734036	0.01558392	0	0.000176762	0.002811451	0.000313745	8.96E-05	0.014094418	0.00175774	0.000522685	0.002640545	7.96E-06	0.048680252	3.08E-05	0.00123913	0.000648625	0	0.066921732	0.138135212	1.04E-05	0.00580586	0	0.038624298	0.009813711
16	9	0.02080388	0.004587471	0.044465484	0.03626765	0.015442393	0	0	0.002747161	0.000362228	0.000107277	0.074374413	0.002146165	0.000535914	0.002425418	8.58E-06	0.050850597	3.00E-05	0.001398532	0.000644068	0	0.114029372	0.07057409	9.67E-06	0.018761819	0	0.045715159	0.010326237
16	10	0.018923796	0.004546387	0.073246356	0.065909023	0.018286531	0	0	0.002628437	0.000406246	0.000123959	0.145958389	0.002541277	0.000467193	0.002174959	9.07E-06	0.045513134	2.87E-05	0.001541675	0.000627039	0	0.117358346	0.002753682	9.36E-06	0.053850691	0	0.047717669	0.010473395
16	11	0.016313056	0.004349989	0.077296882	0.070115103	0.022560819	0	0	0.002392061	0.000431102	0.000134915	0.175877997	0.002839233	0.000339851	0.001846213	9.15E-06	0.032717572	2.60E-05	0.001614876	0.000581583	0	0.075034647	0	9.13E-06	0.096183288	0	0.044333423	0.009936235
16	12	0.014418139	0.004345045	0.073543311	0.067859432	0.024461009	0	0	0.00223714	0.000468709	0.000149922	0.181590836	0.003239872	0.000217249	0.001598851	9.53E-06	0.02195622	2.42E-05	0.001739031	0.000555419	0	0.070796515	0	9.62E-06	0.111237756	0	0.045248601	0.009541204
16	13	0.012693563	0.004394906	0.070784239	0.068853447	0.022422315	0	0	0.002083642	0.000506949	0.000165281	0.169219978	0.003666761	0.000112252	0.001364322	9.93E-06	0.015986025	2.24E-05	0.001868369	0.000529508	0	0.129866381	0	1.05E-05	0.080982394	0	0.052064458	0.009008085
16	14	0.011134113	0.004487208	0.072633126	0.074286514	0.025479174	0	9.43E-05	0.001924625	0.000544182	0.000180448	0.151623579	0.004107406	5.18E-05	0.001136532	1.03E-05	0.013905931	2.05E-05	0.001997191	0.0005021	0	0.166592214	0.001551929	1.17E-05	0.043844203	0	0.06035266	0.008378565
16	15	0.009832078	0.004643892	0.082410264	0.084617249	0.038647639	0	0.000305679	0.001768386	0.000582594	0.000196133	0.143211789	0.004577862	6.46E-05	0.000919483	1.08E-05	0.014356507	1.87E-05	0.002133987	0.00047533	0	0.121820369	0.002138772	1.31E-05	0.031862751	0	0.06513588	0.00776328
16	16	0.008721137	0.004810981	0.102199949	0.098972926	0.050480358	0	0.000569005	0.001594026	0.000614747	0.000209808	0.156233704	0.005018808	0.00017968	0.000702139	1.11E-05	0.015768446	1.66E-05	0.002252041	0.000443487	0.000228341	0.049416448	0.001601697	1.47E-05	0.037076076	0	0.060279742	0.007145141
16	17	0.007788234	0.004937781	0.126267121	0.113039827	0.050093617	0	0.00086667	0.00139269	0.000633184	0.000218813	0.19438656	0.005362234	0.000389074	0.000485293	1.13E-05	0.016816245	1.42E-05	0.002324522	0.000403427	0.000525979	0.012827481	0.000981186	1.61E-05	0.046289873	0	0.042893026	0.006540487
16	18	0.007147136	0.005089136	0.126844515	0.114678832	0.041377739	7.78E-06	0.001194936	0.00119262	0.000645687	0.000225706	0.235909457	0.005665315	0.000578105	0.000284452	1.13E-05	0.017542902	1.19E-05	0.002380206	0.000362491	0.000725798	0.025198586	0.000490216	1.75E-05	0.053867895	0	0.021670147	0.006085049
16	19	0.006876364	0.005356161	0.088451053	0.097604482	0.03087959	1.80E-05	0.001572691	0.001014483	0.000663332	0.000234351	0.256789254	0.006025125	0.000626013	0.000103697	1.16E-05	0.01832352	9.78E-06	0.002460376	0.000326941	0.000854613	0.077694683	0.000118315	1.91E-05	0.056514281	0	0.00615425	0.005894294
16	20	0.007017325	0.005823266	0.061862128	0.084074063	0.024134427	2.88E-05	0.002037379	0.000862632	0.000694884	0.000247949	0.232144486	0.006531379	0.000405652	0	1.21E-05	0.019483389	7.91E-06	0.00259898	0.000299134	0.000939117	0.120410834	0	2.12E-05	0.050575357	2.01E-05	0.005039347	0.006051421
16	21	0.007605474	0.006568061	0.103052277	0.099089443	0.025412301	4.10E-05	0.002639551	0.00073016	0.000745804	0.000268624	0.143679553	0.007254206	0	0	1.30E-05	0.021270415	6.19E-06	0.002819447	0.000278426	0.000995443	0.102073451	0	2.40E-05	0.033794213	4.92E-05	0.025804661	0.00663808
16	22	0.008290765	0.00731569	0.16176333	0.126361966	0.029460787	5.28E-05	0.003280732	0.000576956	0.000780906	0.00028379	0.065523422	0.007864351	0	0	1.38E-05	0.022780626	4.26E-06	0.002991859	0.000250399	0.000979622	0.050270189	0	2.64E-05	0.022556669	7.92E-05	0.055422939	0.007408197
16	23	0.008515151	0.007582315	0.144803772	0.130218093	0.027194584	5.99E-05	0.003706513	0.00038938	0.000751739	0.000275553	0.108467558	0.00784696	0	0	1.35E-05	0.022630129	2.11E-06	0.002927816	0.000204339	0.00084437	0.030494852	0	2.67E-05	0.038876333	0.000101856	0.068056205	0.007894234
16	24	0.008602101	0.007677114	0.092855771	0.113236513	0.020692987	6.36E-05	0.00401251	0.000219321	0.00069837	0.000258153	0.19986202	0.007569325	0	0	1.28E-05	0.021958011	2.34E-07	0.002775055	0.000158013	0.000663773	0.037559529	0	2.59E-05	0.062144431	0.000117388	0.064445276	0.008331832
16	25	0.009192875	0.008205548	0.082130151	0.092074104	0.015278287	6.88E-05	0.004511871	8.45E-05	0.000676237	0.000252069	0.226919544	0.007630377	0	0	1.28E-05	0.022549104	0	0.002753624	0.000124047	0.000502531	0.037006194	0	2.61E-05	0.065677978	0.000134753	0.058116139	0.009300576
16	26	0.010184701	0.009105913	0.103500528	0.068731264	0.01334786	7.49E-05	0.005195884	0	0.000670611	0.000252097	0.191672135	0.007907187	0.007526491	0	1.32E-05	0.024159927	0	0.002813705	9.58E-05	0.000339284	0.033104203	0	2.69E-05	0.062140155	0.000153615	0.054688747	0.01071542
16	27	0.011065894	0.009951586	0.110521769	0.044459139	0.017303563	7.82E-05	0.005824189	0	0.000644955	0.000244597	0.147107272	0.007988877	0.024091596	0	1.34E-05	0.025656864	0	0.002807984	6.70E-05	0.000155655	0.048875332	0	2.67E-05	0.081971527	0.00016608	0.057568441	0.01203163
16	28	0.011674903	0.010624947	0.093280112	0.028634235	0.025740045	7.73E-05	0.00631389	0	0.000595177	0.000227865	0.124402394	0.007803232	0.044118603	0	1.32E-05	0.026716961	0	0.002714038	3.93E-05	0	0.078647359	0	2.54E-05	0.118009	0.000169384	0.061686579	0.013060823
16	29	0.012236747	0.011353785	0.070634319	0.032194796	0.034670659	7.42E-05	0.00679091	0	0.00053769	0.000208054	0.131277698	0.007543351	0.0603049	0	1.30E-05	0.027814436	0	0.002601211	1.53E-05	0	0.097240647	0	2.35E-05	0.13764354	0.000166848	0.056114962	0.014069796
16	30	0.013010962	0.012412983	0.059894136	0.063473303	0.040818052	7.01E-05	0.007415439	0	0.000482856	0.000189213	0.171821994	0.007367943	0.066894144	0	1.31E-05	0.029476592	0	0.002524459	0	0	0.083173215	8.93E-05	2.15E-05	0.113160423	0.000161539	0.032209765	0.015398497
16	31	0.013653569	0.013520439	0.074427809	0.08993114	0.039270967	6.28E-05	0.008012398	0	0.000414948	0.000165273	0.202083346	0.007066932	0.055203641	0	1.30E-05	0.030863604	0	0.002412003	0	0	0.04961338	0.000216293	1.87E-05	0.070607317	0.000148173	0.029987574	0.016692556
16	32	0.013798158	0.014329383	0.102590199	0.085862197	0.031169394	5.08E-05	0.008372574	0	0.00032621	0.000133025	0.193836911	0.006481538	0.030073995	0	1.26E-05	0.031093088	0	0.002210813	0	0	0.026336406	0.000314732	1.47E-05	0.053043585	0.000123086	0.066336362	0.017522029
16	33	0.01380722	0.01520974	0.111343959	0.080485258	0.026006927	3.60E-05	0.008713927	0	0.000230347	9.78E-05	0.191780093	0.005824421	0.012485918	0	1.22E-05	0.030932112	0	0.001994093	0	0	0.01977124	0.00037961	1.00E-05	0.05899594	9.06E-05	0.082609064	0.018345907
16	34	0.01386312	0.016407005	0.089874331	0.088066571	0.027453507	1.85E-05	0.009170322	0	0.000128646	6.04E-05	0.216255299	0.005166161	0.010315073	4.89E-05	1.20E-05	0.030732571	0	0.001786685	0	0	0.028519976	0.000409454	4.75E-06	0.08161614	5.10E-05	0.055383718	0.019454551
16	35	0.013862626	0.017886519	0.052260592	0.101912562	0.032557111	0	0.009707447	0	1.53E-05	1.84E-05	0.254698868	0.004442741	0.017514373	0.000311655	1.19E-05	0.030194287	0	0.001568175	0	0	0.04579113	0.000393793	0	0.112204752	1.63E-06	0.004167906	0.020789077
16	36	0.013012746	0.018624453	0.013539157	0.108403907	0.036177886	0	0.009771638	0.000102779	0	0	0.27799711	0.003420376	0.026216664	0.000597304	1.12E-05	0.027549816	0	0.001255851	0	0	0.061383679	0.000302754	0	0.134698102	0	0	0.02116618
16	37	0.012038474	0.019523835	0	0.105387025	0.03682199	0	0.009860974	0.000284251	0	0	0.285253995	0.002358303	0.030588496	0.00091353	1.06E-05	0.024358458	1.42E-06	0.000940084	0	0	0.070255829	0.000152873	0	0.14557805	0	0	0.021650243
16	38	0.011355928	0.02144917	0.00767529	0.089871092	0.033026775	0	0.01038618	0.000519097	0	0	0.275500997	0.001284422	0.025809942	0.00131867	1.05E-05	0.021336168	4.23E-06	0.000639359	1.75E-06	0.000234667	0.069034771	0	0	0.142996183	0	0	0.023166825
23	27	0.208902567	0	0.076371155	0.000271983	0.002821788	0.001602291	0	6.94E-05	2.80E-05	0	0.000770629	0.002164836	0.010976046	0.010790515	0.000197376	0.000106629	0	5.33E-06	0.003395707	9.82E-05	0.161927298	0	0.000291084	0.000833017	0.001474092	0.000500431	0.001419021
23	28	0.216292511	0	0.089360644	0.000256513	0.002677823	0.001244368	0	6.56E-05	2.47E-05	0	0.000726732	0.001946999	0.050792012	0.009291719	0.000168709	0.000100475	0	4.98E-06	0.002667423	0.000101174	0.125917854	0	0.000278158	0.000778074	0.001321958	0	0.001240758
23	29	0.232272373	0	0.103137795	0.000252589	0.002657444	0.000954624	0	6.45E-05	2.27E-05	0	0.00071532	0.001827075	0.070109525	0.008251451	0.000149984	9.88E-05	0	4.88E-06	0.002132371	0.000109722	0.095307009	0	0.000277627	0.000758359	0.00123845	0	0.001129388
23	30	0.254148605	0	0.11772083	0.000255826	0.002716722	0.000685673	0	6.50E-05	2.14E-05	0	0.000723972	0.001765961	0.07635523	0.007441607	0.000136497	9.99E-05	0	4.92E-06	0.001689791	0.000123082	0.067503342	0	0.000285123	0.000759793	0.001193854	0	0.001053545
23	31	0.279604152	0	0.132623454	0.000263523	0.002828939	0.000410537	0	6.63E-05	2.05E-05	0	0.000744998	0.001742781	0.073707422	0.006737959	0.000125607	0.000102642	0	5.05E-06	0.001285998	0.000140891	0.042108459	0	0.00029794	0.000773712	0.001170848	0	0.000995107
23	32	0.304654316	0	0.146268712	0.000272405	0.00296053	0.000113479	0	6.77E-05	1.97E-05	0	0.000769104	0.001737896	0.065414425	0.00604566	0.00011516	0.000105802	0	5.21E-06	0.000887936	0.000162109	0.020328707	0.000992909	0.000312571	0.000790115	0.001152549	0	0.000938063
23	33	0.321497042	0	0.155130359	0.000276793	0.00304995	0	0	6.77E-05	1.86E-05	0	0.000780247	0.001720995	0.05485571	0.005272539	0.000102853	0.000107154	0	5.30E-06	0.000481162	0.000183419	0.004931005	0.002037845	0.000322494	0.000792547	0.001115314	0	0.000863372
23	34	0.326384069	0	0.157757343	0.000274797	0.003074415	0	0	6.59E-05	1.71E-05	0	0.000773164	0.001685265	0.044521552	0.004442772	8.87E-05	0.000105982	0	5.27E-06	8.56E-05	0.000202675	0	0.002886991	0.000325267	0.00077613	0.001054479	0	0.000769865
23	35	0.326300452	0	0.158045086	0.000272951	0.003105072	0	0	6.40E-05	1.57E-05	0	0.000766299	0.001671384	0.035853426	0.003695944	7.55E-05	0.000104826	0	5.25E-06	0	0.000223834	0	0.003578481	0.000328408	0.000759779	0.000997296	0.000993341	0.000679527
23	36	0.320718364	0	0.15629038	0.000271127	0.003140663	0	0	6.18E-05	1.44E-05	0	0.000759298	0.001677754	0.028660385	0.003025851	6.29E-05	0.000103637	0	5.24E-06	0	0.000246872	0.003753974	0.004123848	0.000331789	0.000743108	0.000942975	0.001923839	0.0005916
23	37	0.307445776	0	0.151982628	0.0002678	0.003163344	0	0	5.91E-05	1.30E-05	0	0.000747899	0.001694087	0.022659079	0.002415657	5.08E-05	0.000101833	0	5.21E-06	0	0.000270326	0.014555671	0.004508659	0.00033353	0.000721979	0.000886214	0.00258508	0.000502883
23	38	0.284849961	0	0.144823218	0.000261685	0.003156689	0	0	5.55E-05	1.17E-05	0	0.000728562	0.001710547	0.017695234	0.001862522	3.89E-05	9.89E-05	0	5.13E-06	0	0.000292361	0.028476055	0.00471456	0.000331919	0.000693175	0.000823477	0.002978592	0.000412411
23	39	0.255347602	0	0.135862952	0.000253777	0.003130842	0	0	5.15E-05	1.03E-05	0	0.000704131	0.001730891	0.013780275	0.001383107	2.78E-05	9.54E-05	0	5.02E-06	0	0.000313288	0.043876624	0.00476508	0.000328057	0.00065968	0.000758826	0.003134589	0.000323677
23	40	0.224914409	0	0.126494539	0.000245816	0.003106145	0	0	4.74E-05	9.00E-06	0	0.000679477	0.001764536	0.010871031	0.000987997	1.76E-05	9.17E-05	0	4.91E-06	0	0.000334786	0.059489673	0.004705191	0.000324106	0.000626203	0.000697756	0.003103946	0.000239713
23	41	0.198191576	0	0.117332066	0.000238267	0.003088436	0	0	4.33E-05	7.82E-06	0	0.000655893	0.001813536	0.008806333	0.000673857	8.31E-06	8.83E-05	0	4.82E-06	0	0.000357474	0.074167382	0.004558499	0.000320687	0.000593929	0.000641291	0.002924386	0.000160631
23	42	0.179316005	0	0.108815459	0.000231353	0.003080982	0	0	3.92E-05	6.74E-06	0	0.000633988	0.001878993	0.007418555	0.000435523	0	8.50E-05	0	4.75E-06	0	0.000381851	0.086852244	0.004342509	0.00031814	0.000563342	0.000589589	0.002627357	8.59E-05
23	43	0.172370782	0	0.101364242	0.000225319	0.003087788	0	0	3.52E-05	5.75E-06	0	0.000614414	0.001963018	0.006552638	0.000268271	0	8.21E-05	0	4.70E-06	0	0.000408635	0.096569762	0.004072844	0.000316871	0.000534922	0.000542768	0.002240301	1.48E-05
23	44	0.181589229	0	0.095354017	0.000220346	0.00311248	0	0	3.13E-05	4.85E-06	0	0.000597626	0.002068155	0.006063346	0.000168298	0	7.95E-05	0	4.67E-06	0	0.000438643	0.102318649	0.003761108	0.000317232	0.000508918	0.000500692	0.001785302	0
23	45	0.211807696	0	0.091184734	0.000216633	0.003159544	0	0	2.73E-05	4.02E-06	0	0.000584118	0.002198253	0.005815494	0.000133559	0	7.74E-05	0	4.69E-06	0	0.000472965	0.102994286	0.003416202	0.000319643	0.000485559	0.000463204	0.001280134	0
23	46	0.269017414	0	0.089320434	0.000214415	0.003234647	0	0	2.34E-05	3.25E-06	0	0.000574447	0.002358878	0.005678426	0.00016447	0	7.57E-05	0	4.74E-06	0	0.000513057	0.097249405	0.003044086	0.000324624	0.000465054	0.000430126	0.000738464	0
56	9	0.008048035	0.005666762	0	1.54E-05	0.001591958	0.204258987	0.003476653	0	0.096156378	0	0.002383658	0.001608121	0	0	3.24E-05	0.000717266	0.033243773	9.49E-07	0.003755578	6.69E-05	0	0	0.015293583	0.010680065	0.001742232	0	0
56	10	0.005479114	0.005048385	0	1.60E-05	0.000604826	0.301184963	0.003116214	0	0.149152861	0	0.00229207	0.001562187	0	0	2.11E-05	0	0.023628314	1.12E-06	0.000233284	6.87E-05	0	0	0.032707231	0.007866321	0.001584846	0	0
56	11	0.003722119	0.004909342	0	1.83E-05	0	0.356860281	0.003067323	0	0.204274107	0	0.002436693	0.001690038	0	0	1.39E-05	0	0.013490645	1.42E-06	0	7.86E-05	0.002156881	0	0.060949156	0.006412181	0.001574371	0	0
56	12	0.001916535	0.004394729	0.002230184	1.95E-05	0	0.274461442	0.0028003	0	0.219472798	0	0.002420403	0.001720497	2.89E-05	0	7.63E-06	0	0.00492065	1.66E-06	0	8.43E-05	0.019184568	0	0.092567182	0.005006733	0.001440814	0	0
56	13	0.000485249	0.004203564	0.003260164	2.23E-05	0	0.135236304	0.002758354	0	0.230155463	0	0.002615218	0.001917997	0.000223592	0	4.20E-06	0	0	2.07E-06	0	9.87E-05	0.027405525	0	0.134221767	0.004516383	0.001410746	0.003527655	0
56	14	0	0.003737784	0.000108854	2.42E-05	0	0	0.002558847	0	0.215376458	0	0.002685445	0.002044448	0.000590992	4.15E-06	2.94E-06	0.001615194	0	2.42E-06	0.001532178	0.000109869	0.029044624	0	0.163690839	0.004256674	0.001286752	0.006226536	0
56	15	0	0.002848079	0	2.30E-05	0	0	0.002071279	0	0.171554518	0	0.002430936	0.001931444	0.001077628	1.03E-05	4.00E-06	0.00115582	0	2.47E-06	0.008980585	0.000107858	0.025745837	0	0.158116515	0.003928336	0.001009056	0.007135921	5.91E-06
56	16	0	0.002195386	0	2.28E-05	0	0	0.001741977	0	0.138447816	0	0.002313387	0.001927004	0.001814772	1.76E-05	7.58E-06	0	0	2.62E-06	0.020943053	0.00011121	0.023156262	0	0.148257954	0.004135549	0.000804933	0.007489663	1.99E-05
56	17	0	0.00163382	0	2.30E-05	0	0	0.001475912	0	0.109103123	0	0.002248653	0.001971044	0.002865506	2.63E-05	1.35E-05	0	0	2.82E-06	0.039140338	0.000116923	0.020524319	0	0.132626232	0.004640311	0.000626229	0.007336881	3.42E-05
56	18	0	0.001133751	0	2.37E-05	0	0	0.001258565	0	0.083029091	0	0.002236607	0.002069011	0.004349954	3.68E-05	2.19E-05	0.001182761	0	3.07E-06	0.066091008	0.000125509	0.017908694	0	0.113483869	0.005374853	0.000464145	0.006834418	4.99E-05
56	19	0	0.000660859	0	2.46E-05	0	0	0.0010677	0	0.059241829	0	0.002259181	0.00221031	0.006392073	4.95E-05	3.31E-05	0.006638962	0	3.38E-06	0.104628494	0.000136454	0.015178157	0	0.091467574	0.006239809	0.000306924	0.006024345	6.72E-05
56	20	0	0.000197996	0	2.57E-05	0	0	0.000890702	0	0.037824506	0	0.002304578	0.002388131	0.009131106	6.45E-05	4.73E-05	0.017923612	0	3.72E-06	0.157991372	0.000149384	0.012298978	0	0.067847569	0.007127381	0.000148222	0.004957006	8.65E-05
56	21	0	0	0	2.69E-05	0	0	0.00071861	0	0.019595472	0	0.002357977	0.002590322	0.012683369	8.19E-05	6.47E-05	0.037354307	0	4.09E-06	0.229129868	0.000163528	0.009295628	0	0.044560394	0.007887658	0	0.003698816	0.000107536
56	22	0	0	0.030001591	2.69E-05	0	0.003051181	0.000528331	0	0.00592499	0	0.002320277	0.002703187	0.016513161	9.77E-05	8.20E-05	0.06488518	0.000235576	4.29E-06	0.308817511	0.000171618	0.006076865	0	0.02373636	0.008043067	0	0.00228208	0.000125047
56	23	0.000380944	0	0.075579672	2.53E-05	0	0.017108653	0.000334443	0	0	0	0.002150039	0.002656528	0.020919248	0.000107723	9.50E-05	0.095268028	0.000506534	4.22E-06	0.37808064	0.000169073	0.003122975	0	0.010088022	0.007328803	0	0.001009161	0.000134066
56	24	0.001109293	0	0.117802697	2.43E-05	0	0.014136772	0.000180598	0	0	0	0.002041643	0.002674646	0.037146842	0.00011981	0.000110112	0.120472486	0.000308907	4.24E-06	0.433870412	0.000170165	0.001039389	0	0.004157166	0.006497571	0	0.000323349	0.000144847
56	25	0.001831463	0	0.139217064	2.40E-05	0	0.006265496	5.30E-05	0	0.001272522	0	0.002000496	0.002777443	0.080018981	0.000135741	0.000129231	0.125619664	0	4.37E-06	0.446404632	0.000176196	0	0	0.002393793	0.005662268	0	0.000435039	0.00015929
56	26	0.002541914	0	0.12407381	2.41E-05	0	0.001985847	0	0	0.005274595	0	0.001992584	0.0029302	0.160636544	0.000154653	0.000151731	0.097168443	0	4.56E-06	0.384060121	0.000184929	0	0	0.002312652	0.004777264	0	0.001363517	0.000176062
56	27	0.003227559	0	0.085354616	2.44E-05	0.000258441	0.002008388	0	0	0.009213675	0	0.002010718	0.003129961	0.267748762	0.000176892	0.00017809	0.049366328	0	4.81E-06	0.274906921	0.000196112	0	0	0.003023366	0.003883016	0	0.001777452	0.000195274
56	28	0.003795068	0	0.044927724	2.44E-05	0.000535602	0.004631791	0	1.90E-07	0.011380042	0	0.002013884	0.00331644	0.375187359	0.000199281	0.000205157	0.006083272	0	5.01E-06	0.16396982	0.000205904	0.000303792	0	0.003997448	0.002982647	0	0	0.000213226
56	29	0.004067787	0	0.022524455	2.35E-05	0.00073307	0.007900239	0	3.40E-06	0.010285046	0	0.001938606	0.003375624	0.440987053	0.000214383	0.000225015	0	0	5.01E-06	0.095209256	0.000207298	0.003844253	0	0.00466595	0.002108276	0	0	0.000222219
56	30	0.0042333	0	0.020285258	2.28E-05	0.000876342	0.010639427	0	6.52E-06	0.00734195	0	0.001883375	0.003466273	0.454725516	0.000231507	0.00024711	0	0	5.03E-06	0.085586103	0.000210189	0.015730709	0	0.005163174	0.001421683	0	0	0.000232334
56	31	0.004344469	0	0.033862752	2.24E-05	0.000983356	0.011784292	0	9.67E-06	0.003690916	0	0.001858997	0.003615598	0.393177638	0.000252881	0.000273906	0.014010317	0	5.13E-06	0.135544993	0.000216126	0.043169445	3.28E-05	0.005568162	0.00089211	0	0.0012825	0.000245531
56	32	0.004350662	0	0.057214641	2.20E-05	0.001047445	0.009919603	0	1.28E-05	0	2.63E-08	0.001835397	0.003772442	0.251626765	0.000275325	0.000302043	0.041521302	0	5.22E-06	0.231383512	0.000221926	0.086622491	0.000161138	0.005827364	0.000475974	0	0.022823972	0.000258402
56	33	0.004212301	0	0.07929388	2.13E-05	0.001060142	0.003631033	0	1.57E-05	0	1.14E-07	0.001790815	0.003891111	0.095726368	0.000295448	0.000327731	0.068290027	1.07E-05	5.23E-06	0.326135288	0.000224897	0.131440118	0.000285193	0.00588725	0.000160965	0	0.058507664	0.000267754
56	34	0.003879405	0	0.087388842	2.00E-05	0.001008491	0	0	1.79E-05	0	1.92E-07	0.001696854	0.003900194	0.004280226	0.000307315	0.000344185	0.084583435	2.58E-05	5.09E-06	0.364113777	0.000221083	0.158748889	0.000393236	0.005666703	0	0	0.105112221	0.000268596
56	35	0.003458816	0	0.080430333	1.86E-05	0.000920349	0	0	1.97E-05	0	2.60E-07	0.001589288	0.003868385	0	0.000315651	0.000356457	0.088432628	3.53E-05	4.88E-06	0.336187914	0.000214658	0.164459166	0.000484794	0.005305073	0	0	0.150002676	0.000265667
56	36	0.003150689	0	0.070013408	1.80E-05	0.000851577	0	0	2.22E-05	0.005642359	3.33E-07	0.001555264	0.004015093	0.02976729	0.000338688	0.000385182	0.087917249	4.23E-05	4.89E-06	0.284134863	0.000217661	0.163393737	0.000589415	0.005116431	0	0	0.178236373	0.000274024
56	37	0.002815983	0	0.059430133	1.75E-05	0.000767398	0.049722781	0	2.47E-05	0.056352546	4.06E-07	0.001532399	0.004204965	0.049821171	0.000366168	0.00041892	0.082418	4.63E-05	4.92E-06	0.214970301	0.000222204	0.154395914	0.000694934	0.004906125	0	0	0.161968377	0.000284209
56	38	0.002487241	0	0.052084354	1.74E-05	0.000677569	0.132179832	0	2.77E-05	0.13153192	4.87E-07	0.001540921	0.004507302	0.049268966	0.000404728	0.000465321	0.074645869	4.85E-05	5.06E-06	0.152638079	0.000231594	0.143807517	0.000814524	0.004746906	0	0	0.111343704	0.000300639
56	39	0.002079748	0	0.045750056	1.71E-05	0.000559413	0.196387807	0	3.05E-05	0.191607153	5.63E-07	0.001532622	0.004796787	0.049083217	0.000443767	0.000512231	0.063341954	4.76E-05	5.14E-06	0.118324941	0.000238977	0.131761135	0.000926346	0.004496657	0	0	0.063185235	0.000314585
56	40	0.001532438	0	0.038209676	1.58E-05	0.000397793	0.182478529	0	3.15E-05	0.1854249	6.03E-07	0.00143625	0.004833324	0.069917806	0.000460411	0.000533067	0.047923797	4.17E-05	4.92E-06	0.134187211	0.00023272	0.118536147	0.000978448	0.003977991	0.000131178	0	0.061087932	0.000310448
56	41	0.000981533	4.95E-05	0.031243985	1.43E-05	0.000231611	0.112881035	0	3.16E-05	0.130342716	6.24E-07	0.001320006	0.004806679	0.104410101	0.000471279	0.000546842	0.033872888	3.36E-05	4.62E-06	0.176884561	0.000222824	0.115993769	0.001002669	0.003427784	0.000313743	0.000150969	0.106537863	0.00030108
56	42	0.000453152	0.000274829	0.024227406	1.26E-05	7.03E-05	0.038526993	0	3.08E-05	0.065215952	6.21E-07	0.00117862	0.004682624	0.125172171	0.000472488	0.000548981	0.023124206	2.40E-05	4.22E-06	0.187815837	0.000208056	0.127928139	0.000990355	0.002859515	0.000495362	0.000404933	0.168233211	0.000284663
56	43	0	0.000475739	0.018050713	1.12E-05	0	0.000568077	0	3.00E-05	0.02370922	6.17E-07	0.001055707	0.004626495	0.117616793	0.000480457	0.000558528	0.01873944	1.44E-05	3.87E-06	0.136635034	0.000195958	0.158882242	0.000976108	0.002398714	0.000678904	0.000682711	0.225617905	0.000271461
56	44	0	0.000652922	0.015247325	9.79E-06	0	0	0	2.91E-05	0.004228523	6.04E-07	0.00093668	0.004595064	0.089867922	0.000491273	0.000570932	0.025695981	4.87E-06	3.53E-06	0.067419	0.000184308	0.188566691	0.000950556	0.002018917	0.000856101	0.00098932	0.265558955	0.000258554
56	45	0	0.000812601	0.019815989	8.51E-06	0	0	0	2.81E-05	0	5.87E-07	0.000824601	0.004621843	0.059285156	0.000508983	0.000590857	0.051056997	0	3.22E-06	0.051194916	0.000174108	0.193024124	0.000919244	0.001738915	0.001029345	0.001342424	0.281351879	0.000247457
56	46	0	0.000940829	0.032960818	7.18E-06	0	0.001261824	0	2.65E-05	0	5.55E-07	0.000701628	0.004628209	0.037497653	0.000525401	0.000608736	0.095058833	0	2.86E-06	0.128323265	0.000162031	0.154921094	0.000864263	0.001537385	0.001176401	0.001730821	0.267396543	0.000233536
67	8	0.029570915	0	0.007915126	0.005879546	0.004223858	0.001691652	0.00035484	0.000875518	0.000413364	0.004140802	0.123104426	0.004078447	0.004389657	0.005623436	0.00382198	0.013329006	3.50E-06	0.003630931	0.155123846	0	0.032764588	0.078144117	0.001027121	0.115514345	0.003643786	0.022069662	0.000330084
67	9	0.024840392	0	0.006605554	0.004891294	0.003716532	0.002486948	0.00029409	0.000728359	0	0.003444606	0.115689184	0.003763531	0.00321063	0.004778954	0.003229454	0.01130498	6.38E-06	0.003020633	0.153461362	0	0.007585271	0.076362273	0.000766049	0.118726166	0.003052047	0.018426536	0.000274262
67	10	0.021488001	0	0.005673118	0.004186098	0.003371512	0.00315956	0.000250647	0.000623348	0	0.002947804	0.115791012	0.003577134	0.002367279	0.004186672	0.00281153	0.00988158	8.77E-06	0.002585137	0.144391995	0	0	0.071657319	0.000572353	0.119164854	0.002636735	0.015834488	0.000234434
67	11	0.019019074	0	0.004981518	0.00366133	0.003133699	0.003776723	0.000218217	0.000545206	0	0.002578097	0.120594927	0.003480892	0.00173608	0.003757364	0.002505956	0.008845545	1.09E-05	0.002261065	0.130668069	0	0	0.065124118	0.00041999	0.11775728	0.002335287	0.013914049	0.000204801
67	12	0.01721646	0	0.004469696	0.003270587	0.002983518	0.004398158	0.000193923	0.00048702	0	0.002302795	0.128911649	0.003467659	0.001251577	0.003453456	0.002285943	0.008106315	1.31E-05	0.002019761	0.114258605	0.001412777	0	0.057590435	0.000294868	0.115387088	0.002120298	0.012495528	0.000182736
67	13	0.015877705	0	0.004081588	0.002971552	0.002899144	0.00505859	0.000175165	0.000442491	0	0.002092083	0.139575223	0.003524361	0.000866084	0.003238885	0.002126148	0.00757732	1.53E-05	0.001835091	0.095822682	0.005627242	0	0.049296927	0.000185873	0.112094487	0.001966885	0.011423062	0.00016585
67	14	0.014876597	0	0.003781896	0.00273746	0.002868031	0.005788351	0.000160291	0.000407633	0	0.001927108	0.151638281	0.003645852	0.000550459	0.003091681	0.002010933	0.007205455	1.78E-05	0.001690526	0.075820436	0.011603285	0	0.040415051	8.54E-05	0.107766342	0.001860051	0.010598726	0.000152637
67	15	0.014102139	0	0.003539974	0.002545203	0.002877456	0.006604546	0.000147887	0.000379004	0	0.001791594	0.163787854	0.003824729	0.000285938	0.002992063	0.001926376	0.006943034	2.05E-05	0.001571798	0.054603627	0.019874078	0	0.031064444	0	0.101957242	0.001787038	0.009937503	0.0001418
67	16	0.013445317	0	0.003326545	0.002372992	0.00291177	0.007503835	0.000136637	0.00035336	0	0.001670195	0.173991459	0.004047315	6.25E-05	0.002919555	0.001858449	0.006741175	2.35E-05	0.001465448	0.032802848	0.031042879	0	0.021477227	0	0.093952162	0.001735444	0.00935802	0.000132125
67	17	0.012795585	0	0.003113104	0.002200035	0.0029508	0.008453529	0.000125317	0.000327605	0	0.001548274	0.179282405	0.004290198	0	0.002851813	0.001792399	0.006547346	2.67E-05	0.001358638	0.011744093	0.045639771	0	0.012178955	0	0.082925688	0.00169235	0.008780707	0.000122456
67	18	0.011845756	0	0.002825843	0.001974542	0.002920314	0.009227858	0.000111002	0.000294027	0	0.001389388	0.173534653	0.004442973	0	0.002719151	0.001684788	0.006202037	2.93E-05	0.001219384	0	0.06261805	0.00432706	0.003863938	0	0.067184226	0.001616987	0.00799711	0.000109916
67	19	0.010819863	0	0.002521355	0.001737338	0.002864832	0.00992309	9.61E-05	0.000258706	0	0.001222275	0.160466464	0.004563515	0	0.002568617	0.001566061	0.005814664	3.17E-05	0.001072898	0	0.081515458	0.008018904	0	0	0.049236752	0.001537552	0.007165966	9.68E-05
67	20	0.009902946	0	0.002243132	0.001518543	0.002832031	0.010699886	8.22E-05	0.000226125	0	0.001068129	0.144552999	0.004726911	0	0.00244365	0.001462837	0.005483739	3.44E-05	0.000937781	0	0.102740011	0.010867781	0	0	0.030942059	0.001480281	0.006410767	8.47E-05
67	21	0.009081419	0	0.001986066	0.001313822	0.002824487	0.011594747	6.91E-05	0.00019564	0	0.000923893	0.127423827	0.004944229	0	0.002343864	0.001374046	0.00520683	3.74E-05	0.000811355	0	0.126121998	0.013006295	0	0	0.01285586	0.001445882	0.00571818	7.35E-05
67	22	0.008270876	0	0.001729809	0.001108863	0.002821777	0.012547821	5.60E-05	0.00016512	0	0.000779498	0.109869357	0.005186133	0	0.002250298	0.001287795	0.004940286	4.06E-05	0.000684782	0	0.150318596	0.014418732	0	0	0	0.001423942	0.005030939	6.24E-05
67	23	0.007389228	0	0.001457145	0.000892603	0.002795772	0.013436302	4.23E-05	0.000132917	0	0.000627166	0.093245355	0.005402023	0	0.002140782	0.00119134	0.004635201	4.37E-05	0.000551229	0	0.172675289	0.014990461	0	0	0	0.001401188	0.004299202	5.07E-05
67	24	0.006492704	0	0.001180455	0.000673263	0.002763446	0.014330398	2.84E-05	0.000100255	0	0.000472683	0.08118155	0.005622228	7.17E-05	0.002029799	0.001093164	0.004323607	4.68E-05	0.000415776	0	0.192570226	0.014844341	0	0	0	0.001387221	0.003558747	3.89E-05
67	25	0.005587959	0	0.000900943	0.000451521	0.002727384	0.015245598	1.44E-05	6.72E-05	0	0.000316523	0.077033323	0.005853071	0.000346748	0.001919542	0.000994407	0.004009962	4.99E-05	0.000278838	0	0.208629382	0.014051346	0	0	0	0.001384321	0.002813415	2.71E-05
67	26	0.004658456	0	0.000616061	0.000226167	0.002678873	0.016134416	2.38E-07	3.37E-05	0.00043261	0.000157841	0.084308286	0.006076702	0.000693949	0.00180426	0.000892087	0.003682106	5.30E-05	0.00013967	0	0.218391744	0.01263841	0	0	0	0.001389087	0.00205536	1.52E-05
67	27	0.003695225	0	0.000326443	0	0.00260703	0.016920301	0	0	0.00093316	0	0.106739447	0.006265798	0.00111024	0.001677833	0.000783652	0.003328382	5.58E-05	0	0	0.2188389	0.010657368	0	0	0	0.001396555	0.001284753	3.23E-06
67	28	0.002629698	0	3.65E-05	0	0.002432276	0.017023248	0	0	0.001427664	0	0.143568658	0.006210868	0.00153923	0.001493227	0.000649655	0.002860686	5.63E-05	0	0	0.201154325	0.007992038	0	0	0.005015859	0.001362105	0.000500186	0
67	29	0.001554237	0	0	0	0.002139294	0.016167201	0	0	0.001824827	0	0.189827834	0.005822347	0.001896651	0.001250306	0.000496772	0.002293198	5.36E-05	0	0	0.16359459	0.005009422	0	0	0.039960144	0.001268082	0	0
67	30	0.000638509	0	0	0	0.001830689	0.014967979	0	0	0.002126688	0	0.243125603	0.00533	0.00218868	0.001016128	0.000357984	0.001762985	4.97E-05	0	0	0.11738982	0.002351755	0	0	0.079747455	0.001163451	0	0
67	31	0	0	0	0	0.001549814	0.013746022	0	0	0.002356141	0	0.294300849	0.004847689	0.002434318	0.000814591	0.000242696	0.001314189	4.58E-05	0	0	0.072456985	0.000171361	0	0	0.116904068	0.001069999	0	0
67	32	0	0	0	0	0.001308297	0.012632249	0	0	0.00253584	0	0.335988464	0.004418539	0.002651306	0.000648846	0.000150081	0.000948477	4.22E-05	0	0.003151387	0.034717226	0	4.64E-05	0	0.146135357	0.000994501	0	0
67	33	0	0	0	0	0.00110895	0.011709077	0	0	0.002692987	0	0.36635455	0.00406788	0.002863786	0.000516627	7.66E-05	0.000656072	3.92E-05	0	0.00648933	0.006445645	0	0.001134098	0	0.165950882	0.000940917	0	0
67	34	0	0	0	0	0.00093516	0.010859745	0	0	0.002813046	0	0.384686453	0.003752206	0.003053425	0.00040689	1.72E-05	0.000415774	3.64E-05	0	0.008926481	0	0	0.001904185	0	0.176943531	0.000898224	0	0
67	35	0	0	0	0	0.000791363	0.010180828	0	0	0.002929475	0	0.397589355	0.00350282	0.003254424	0.000319129	0	0.000221023	3.42E-05	0	0.010750859	0	0	0.002448196	0	0.183062451	0.000873256	0	0
67	36	0	0	0	0	0.000671042	0.009652637	0	0	0.003050028	0	0.407530622	0.003311088	0.00347565	0.000248166	0	5.97E-05	3.25E-05	0	0.012152671	0	0	0.002832073	0	0.186108844	0.000864316	0	0
67	37	0	0	0	0	0.000566748	0.009224772	0	0	0.003169426	0	0.414751017	0.003158446	0.003712286	0.000189274	0	0	3.11E-05	0	0.013222445	0	0	0.003091593	0	0.18664305	0.000867271	0	0
67	38	0	0	0	0	0.000475972	0.008905006	0	0	0.00329806	0	0.421273132	0.003046718	0.003978354	0.000140135	0	0	3.01E-05	0	0.014079699	0	0	0.003264486	0	0.185891938	0.000883403	0	0
67	39	0	0	0	0	0.000394684	0.008670173	0	0	0.003434442	0	0.427334605	0.00296743	0.004275263	9.83E-05	0	0	2.94E-05	0	0.014773515	0	0	0.003368756	0	0.184171952	0.000911401	0	0
67	40	0	0	0	0	0.00031991	0.008503205	0	0	0.003576692	0	0.433034243	0.002914437	0.004604559	6.20E-05	0	0	2.89E-05	0	0.015334683	0	0	0.003415955	0	0.181687926	0.000950529	0	0
67	41	0	0	0	0	0.000249413	0.008391876	0	0	0.003722775	0	0.438415505	0.002883419	0.004968273	3.01E-05	0	0	2.85E-05	0	0.015782989	0	0	0.003413711	0	0.178596176	0.001000538	0	0
67	42	0	0	0	0	0.000181441	0.008327296	0	0	0.003870379	0	0.443486814	0.002871325	0.005368887	1.62E-06	0	0	2.83E-05	0	0.016130753	0	0	0.003367072	0	0.175030732	0.001061557	0	0
67	43	0	0	0	0	0.000114561	0.008302597	0	0	0.004016622	0	0.448214679	0.00287589	0.005809089	0	0	0	2.83E-05	0	0.016384329	0	0	0.003279227	0	0.171114477	0.00113398	0	0
67	44	0	0	0	0	4.76E-05	0.00831201	0	0	0.004157749	0	0.452515234	0.002895308	0.006291476	0	0	0	2.83E-05	0	0.016544913	0	0	0.003152007	0	0.16696892	0.001218382	0	0
67	45	0	0	0	0	0	0.008348699	0	0	0.004288047	0	0.456164389	0.002927453	0.006816976	0	0	0	2.85E-05	0	0.016606057	0	0	0.002985757	0	0.162695343	0.001315192	0	0
67	46	0	0	0	0	0	0.008412724	0	0	0.004403901	0	0.459254628	0.002972665	0.007391385	0	0	0	2.87E-05	0	0.016570907	0	0	0.00278275	0	0.158551037	0.001425949	0	0
71	27	0.035167461	0.018437095	0.209368484	0	0.00397581	0	0.031113105	0	0.000183404	0.035313391	0.000113933	0.012030667	0	0	0	9.21E-05	0	0.004538715	0.020207734	0.000783925	0.036874813	0	0.00018853	0.041976503	0.000553761	0.005714658	0
71	28	0.03475867	0.018198093	0.214755681	0	0.003887915	0	0.030731148	0	0.000171699	0.039850698	0.00011072	0.012654246	0	0	0	8.77E-05	0	0.004518471	0.020793937	0.000775122	0.034379458	0	0.000189764	0.038022214	0.000553603	0.006931047	0
71	29	0.035260251	0.017918542	0.214599045	0	0.003796541	0	0.030251511	0	0.000159877	0.046800593	0.000107388	0.01322921	0	0	0	8.32E-05	0	0.004484073	0.021172337	0.000763697	0.03193007	0	0.00019105	0.040132095	0.000553054	0.008557457	0
71	30	0.036433951	0.017626443	0.210014363	0	0.00370746	0	0.02972395	0	0.000148235	0.05517281	0.000104105	0.013768624	0	0	0	7.87E-05	0	0.004442441	0.021334938	0.000750891	0.029586778	0	0.000192605	0.046755364	0.00055282	0.010581175	0
71	31	0.038059393	0.017347641	0.202069089	2.54E-08	0.003625817	0	0.029194437	0	0.000136998	0.064074266	0.000101013	0.014288691	0	0	0	7.43E-05	0	0.004400158	0.021277806	0.000737852	0.027394482	0	0.000194652	0.056440389	0.000553593	0.012998909	0
71	32	0.039937297	0.017104399	0.191714373	7.72E-08	0.003555897	0	0.028702412	0	0.00012631	0.072711458	9.82E-05	0.014806996	0	0	0	7.02E-05	0	0.004363048	0.020996013	0.000725566	0.025382813	2.00E-07	0.000197405	0.067875335	0.000556012	0.015820686	0
71	33	0.041891931	0.016917115	0.179777127	1.31E-07	0.003501558	0	0.028283431	0	0.00011626	0.080377784	9.59E-05	0.015343165	0	0	0	6.63E-05	0	0.004336548	0.02048171	0.00071492	0.023571242	8.51E-07	0.00020109	0.079895968	0.000560716	0.019074876	0
71	34	0.043766493	0.016805171	0.166957664	1.88E-07	0.003466444	0	0.027970377	0	0.000106889	0.086420549	9.40E-05	0.015919047	0	0	0	6.27E-05	0	0.004325876	0.01972059	0.000706733	0.021972041	1.53E-06	0.000205961	0.091461024	0.000568381	0.022813147	0
71	35	0.045416202	0.016788642	0.153846821	2.48E-07	0.003454383	0	0.027796118	0	9.82E-05	0.090196023	9.27E-05	0.016559875	0	0	0	5.95E-05	0	0.004336429	0.018688551	0.000701813	0.020593888	2.24E-06	0.000212316	0.101607037	0.000579775	0.027117522	0
71	36	0.046406044	0.01676205	0.139831932	3.11E-07	0.003443477	0	0.02758564	0	8.95E-05	0.090617242	9.14E-05	0.017165015	3.74E-06	0	0	5.62E-05	0	0.004341051	0.017338245	0.000695715	0.019295642	2.98E-06	0.000218857	0.108883652	0.000591313	0.031838116	0
71	37	0.046651174	0.016690116	0.125019128	3.75E-07	0.003426415	0	0.027283082	0	8.06E-05	0.087810884	8.98E-05	0.017692985	1.18E-05	0	0	5.28E-05	0	0.004330477	0.016082756	0.000686998	0.018039639	3.74E-06	0.000225065	0.113090385	0.000601631	0.036778988	0
71	38	0.046909668	0.016826666	0.111529704	4.47E-07	0.003455234	0	0.027303538	0	7.28E-05	0.083553569	8.95E-05	0.018413986	2.04E-05	0	0	5.00E-05	0	0.004370499	0.015676882	0.00068607	0.01709002	4.58E-06	0.00023438	0.116193274	0.000619899	0.042410693	0
71	39	0.047141427	0.017146494	0.099007361	5.28E-07	0.003524799	0	0.027600052	0	6.56E-05	0.077961004	9.01E-05	0.019317034	2.98E-05	0	0	4.76E-05	0	0.004454532	0.016626636	0.000691651	0.016382076	5.52E-06	0.00024669	0.11826066	0.0006456	0.048735147	0
71	40	0.047273463	0.0176231	0.087207788	6.20E-07	0.003629887	0	0.02812397	0	5.86E-05	0.071072515	9.15E-05	0.020383791	4.01E-05	0	0	4.55E-05	0	0.004575387	0.019546346	0.000702405	0.015861843	6.59E-06	0.00026183	0.119206187	0.000678101	0.055714897	0
71	41	0.047177821	0.0182151	0.075976838	7.23E-07	0.00376233	0	0.028803926	0	5.16E-05	0.062884874	9.34E-05	0.021572479	5.16E-05	0	0	4.35E-05	0	0.0047218	0.025170839	0.000716414	0.015473455	7.78E-06	0.000279363	0.118758199	0.0007161	0.063210201	0
71	42	0.046764037	0.018895489	0.06542408	8.38E-07	0.003916973	0	0.029593166	0	4.43E-05	0.053545071	9.57E-05	0.022851707	6.43E-05	0	0	4.14E-05	0	0.004886091	0.034391138	0.000732372	0.015184654	9.10E-06	0.000299003	0.116717299	0.000758727	0.071057627	0
71	43	0.045377435	0.019393083	0.055139	9.53E-07	0.004037826	0	0.030067934	0	3.61E-05	0.042785275	9.70E-05	0.023884466	7.74E-05	0	0	3.87E-05	0	0.004997569	0.047633856	0.000739697	0.014784664	1.04E-05	0.000316423	0.111496334	0.000795001	0.078046604	0
71	44	0.043468576	0.019867013	0.046380268	1.07E-06	0.004157864	0	0.030482295	0	2.75E-05	0.031771156	9.82E-05	0.024848933	9.12E-05	0	0	3.57E-05	0	0.005097026	0.066016623	0.00074463	0.014417115	1.18E-05	0.000333988	0.10430699	0.000831016	0.084508707	0
71	45	0.041025837	0.020287923	0.039534489	1.20E-06	0.004270979	0	0.030794458	0	1.87E-05	0.020976166	9.91E-05	0.025698936	0.00010552	0	0	3.25E-05	0	0.005176541	0.089923326	0.000746086	0.014069384	1.33E-05	0.000351106	0.095227226	0.000865345	0.090139208	0
71	46	0.037936331	0.02055555	0.034516558	1.32E-06	0.004355837	0	0.030858473	0	9.53E-06	0.010559984	9.91E-05	0.026299211	0.000119705	0	0	2.89E-05	0	0.005210443	0.118258709	0.000740522	0.013684182	1.47E-05	0.000365859	0.084154325	0.000893371	0.094413164	0
116	10	0.028258757	0	0.000843427	4.09E-05	0.000437487	0.000428337	0.001718278	0	3.45E-05	0.012579687	0.260884187	0.000944749	0.032635852	0	2.45E-05	0	0	0.038636549	0	7.39E-05	0.184992629	0	0.000695183	0.009779565	0.004305507	0.033713262	0
116	11	0.040610206	0	0.000175934	3.66E-05	0.000440702	0.000563389	0.001690308	0	4.59E-05	0.012641523	0.239144562	0.001006326	0.030871701	0	3.17E-05	0	0	0.057708523	0	0.000120475	0.189188426	0	0.000592512	0.032164738	0.003533533	0.049599631	0
116	12	0.0436836	0	0.0001304	2.92E-05	0.000409157	0.000659915	0.00153673	0	5.43E-05	0.011781794	0.119745408	0.001004378	0.043809839	0	3.67E-05	0	0	0.047848476	0	0.000160632	0.167419194	0	0.000720772	0.058310201	0.002552328	0.058544796	0
116	13	0.033572876	0	0.000400795	1.82E-05	0.000310207	0.000616714	0.001144719	0	5.12E-05	0.010418522	0.136588313	0.000830987	0.025557947	0	3.41E-05	0	0	0.021519052	0	0.00016421	0.11141402	0	0.001277563	0.066774087	0.001398102	0.03971991	0
116	14	0.033416753	0	0.000974711	1.53E-05	0.000342696	0.00082637	0.001247868	0	6.92E-05	0.01671403	0.254263845	0.001015776	0.013856309	0	4.55E-05	0	0	0.006357381	0	0.000235563	0.094244939	0	0.00344354	0.093743872	0.000973553	0.031826196	0
116	15	0.023898721	0	0.001433631	9.09E-06	0.000311981	0.000902449	0.001127464	0	7.62E-05	0.02390395	0.288929455	0.001036685	0.010449992	0	4.96E-05	0	0	0	0	0.000271968	0.0510859	0	0.006274432	0.096012852	0.000396305	0.019510382	0
116	16	0.014884585	0	0.001896033	3.56E-06	0.000302545	0.001042372	0.001093735	0	8.87E-05	0.034652866	0.300796956	0.001141648	0.021193831	0	5.73E-05	0.000116042	0	0	0	0.000329635	0.014874412	0	0.010088035	0.096551991	0	0.011413903	0
116	17	0.006154232	0	0.002243788	0	0.000300559	0.001228832	0.001098963	0	0.000105404	0.047718632	0.288964126	0.001305238	0.048251271	0	6.77E-05	0.000425252	0	0	0	0.000406051	0	0	0.014531333	0.092952403	0	0.005451486	0
116	18	0	0	0.002264124	0	0.00029877	0.001448982	0.00112215	0	0.000125307	0.060844865	0.25303426	0.001515248	0.096182457	0	8.02E-05	0.000899528	0	0	0	0.000499344	0	0	0.018825275	0.08359658	0	0.001083361	0
116	19	0	0	0.001562888	0	0.00027926	0.001611883	0.001101306	0	0.000140613	0.066997139	0.189769676	0.001682681	0.162616002	0	8.97E-05	0.001527157	0	0	0	0.00057932	0.040114764	0	0.020624623	0.065060164	0	0	0
116	20	0.003353739	0	0	0	9.65E-05	0.000668549	0.000412439	0	5.89E-05	0.024398406	0.049130099	0.000706161	0.094762849	0	3.75E-05	0.000897886	0	0	0	0.000251045	0.060604115	0	0.007296475	0.016660326	0	0	0
116	21	0.011993154	0	0	0	7.55E-05	0.000636632	0.000365318	0	5.67E-05	0.018541582	0.032483485	0.000689947	0.107239838	0.000104942	3.61E-05	0.001166919	0	0.000700601	0	0.000250718	0.098901827	0	0.005632278	0.008012241	0.00011001	0	0
116	22	0.059700179	0	0	0	0.000129043	0.001359843	0.000754144	0	0.000122646	0.033366991	0.083054285	0.001535621	0.194818745	0.000516065	7.83E-05	0.003340578	0	0.004594779	0	0.000565182	0.203671396	0	0.013082874	0.006494028	0.001037043	0.000130726	0
116	23	0.150503997	0	0	0	0.000101179	0.001398399	0.00078691	0	0.000128139	0.034601176	0.131515825	0.001676137	0.090414792	0.000929587	8.21E-05	0.004584839	0	0.005395568	1.83E-05	0.000619378	0.092535989	0	0.019616149	0.00283434	0.002299217	0.002125316	0
116	24	0.156431288	0	0.005164973	0	2.75E-05	0.00055163	0.00033468	0	5.16E-05	0.01480032	0.056724179	0.000718726	0	0.000585177	3.33E-05	0.002434529	0	0.001641786	2.35E-05	0.000264322	0.001309704	0	0.010541751	0.001863985	0.001632766	0.001812281	0
116	25	0.258721549	0	0.018187693	0	1.14E-05	0.000442586	0.000312027	0	4.26E-05	0.012633005	0.027705	0.000648223	0	0.00072856	2.78E-05	0.002692332	0	0.000507839	3.82E-05	0.000235019	0.017442008	0	0.010182473	0.003605113	0.002210492	0.002406174	0
116	26	0.258935141	0	0.02836726	0	0	0.000363493	0.000327485	0	3.66E-05	0.011595968	0.024424924	0.000630604	0.004786888	0.00094388	2.43E-05	0.003193993	0	0	5.73E-05	0.000222933	0.047448443	0	0.010833582	0.005875431	0.003050938	0.002967746	0
116	27	0	0	0.077793594	0	0	0.000871416	0.001148517	0	9.46E-05	0.037246117	0.303648449	0.001967216	0.024958636	0.003838996	6.48E-05	0.012131627	0	0	0.000256204	0.000668838	0.140852258	0	0.043780232	0.024751714	0.013046987	0.010540976	0
116	28	0.380228569	0	0.004864314	2.06E-06	0	0.000124349	0.000309284	0	1.61E-05	0.010195021	0.165719786	0.000453778	0	0.001141659	1.18E-05	0.003414969	0	0	8.14E-05	0.000145614	0.002540757	0	0.012882184	0.006327424	0.004042128	0.002491139	0
116	29	0.221027668	0	0.010370386	7.67E-06	0	3.09E-05	0.000450476	0	1.05E-05	0.016079738	0.18151295	0.000547195	0	0.001769124	9.26E-06	0.005058033	0	0.000680393	0.000132327	0.000161133	0.026144006	0	0.007338898	0.006371835	0.006481355	0.002657664	0
121	8	0.092587464	0.005950496	0.084095079	4.20E-07	0.008399314	0.000832301	0.010256202	0	0.007458645	0	0.235538712	0.005410397	1.12E-05	0.017301215	0	0.023657978	0	0	0.002723916	0.000206022	0.137652311	0.004985439	0.002492908	0.076482767	0	0	0.001158132
121	9	0.082241461	0.032739012	0.069581614	0	0.009411042	0.001007373	0.011122765	0	0.007782586	0	0.222318585	0.007552868	1.19E-05	0.016641684	0.000882602	0.021853627	0	0	0.000694805	0.000198363	0.107089137	0.004340377	0.003666458	0.06396788	1.08E-05	0	0.000324756
121	10	0.061382858	0.061305674	0.040805432	0	0.010462322	0.001181098	0.011985004	0	0.00811504	0	0.214164564	0.009475845	1.31E-05	0.015357349	0.002179859	0.020140722	0	0	0.014062994	0.000192114	0.076382826	0.003728456	0.004533338	0.047461135	2.48E-05	0	0
121	11	0.044152179	0.071671487	0.019333058	0	0.010951098	0.00128289	0.012167696	0	0.008009842	8.28E-06	0.228510689	0.010591568	1.38E-05	0.012930462	0.003285944	0.017527929	0	0	0.044197219	0.00017737	0.073469708	0.002979714	0.004835871	0.041171379	3.80E-05	0	0
121	12	0.033532127	0.066649278	0.009076024	0	0.01102172	0.001324331	0.011880247	0	0.007632365	6.61E-05	0.256906951	0.01098007	1.43E-05	0.010207671	0.00412298	0.014676597	0	0	0.069818831	0.000159296	0.089962367	0.002244262	0.004675059	0.044666816	4.94E-05	0	0
121	13	0.028633794	0.054364186	0.0083483	0	0.011009079	0.001344873	0.011509728	0	0.007239111	0.000124991	0.288573124	0.011003445	1.50E-05	0.007948845	0.004778539	0.012178532	0	0	0.071364967	0.000143582	0.111320746	0.001625098	0.004275332	0.054218405	5.98E-05	0	0
121	14	0.027538194	0.041320915	0.014783003	0	0.011168648	0.00137746	0.011319417	0	0.006988265	0.00018802	0.317267029	0.010966038	1.61E-05	0.006548163	0.005389998	0.010227665	0	0	0.042305643	0.000132899	0.122384626	0.00113531	0.003796534	0.06661527	7.08E-05	0	0
121	15	0.028152234	0.031955546	0.026833815	0	0.01158318	0.00143401	0.011371342	0	0.006906074	0.000259828	0.342917037	0.010970094	1.78E-05	0.006222697	0.006042198	0.008730732	0	0	0.011064414	0.000127136	0.097113872	0.000740649	0.003287302	0.078794068	8.34E-05	0	0
121	16	0.028767902	0.027536556	0.042700598	0	0.012062719	0.001491689	0.011458657	0	0.006858278	0.000339401	0.359957439	0.010833389	1.99E-05	0.006980659	0.006665719	0.00742278	0	0	0	0.000123467	0.046099298	0.00039966	0.002705855	0.085155966	9.70E-05	0.001961552	0.000611266
121	17	0.028479553	0.026178232	0.05861564	0	0.012253566	0.001507007	0.011248699	0	0.006644931	0.000415863	0.359186605	0.010260641	2.17E-05	0.008536471	0.007064631	0.006087952	0	0	0	0.00011824	0.035539517	0.000100254	0.002028864	0.078510539	0.000108581	0.004014033	0.001416719
121	18	0.027305304	0.026424608	0.070892831	0	0.012134815	0.001478381	0.010749297	0	0.006274628	0.000483227	0.342275833	0.009307376	2.31E-05	0.010655479	0.007211698	0.004796581	0	0	0.001573804	0.000111586	0.071747589	0	0.001354538	0.062955848	0.00011732	0.005893065	0.002325121
121	19	0.025437969	0.026699507	0.076484471	0	0.01175367	0.001413247	0.010029927	0	0.00579042	0.000537927	0.3136818	0.008097315	2.40E-05	0.013066124	0.007128537	0.00362455	0	0	0.010037448	0.000104083	0.124497357	0	0.000783284	0.047621264	0.000123002	0.007376505	0.003267395
121	20	0.023441432	0.025952744	0.074513363	0	0.011336678	0.001340539	0.009302021	0	0.00531431	0.000586648	0.282487086	0.006858051	2.48E-05	0.015723899	0.006956164	0.002656139	0	0	0.014709651	9.77E-05	0.167280758	0	0.00039759	0.041147742	0.000127592	0.008431298	0.004242777
121	21	0.02153613	0.023987551	0.06643045	9.30E-08	0.010977599	0.001272159	0.00864335	0	0.004887863	0.000633759	0.253082736	0.005674279	2.57E-05	0.01859776	0.006761805	0.001883187	0	0	0.014358399	9.29E-05	0.190917117	0	0.000238941	0.045390471	0.00013216	0.009038976	0.005269046
121	22	0.019769693	0.02128792	0.055213493	4.80E-07	0.01070003	0.00121104	0.008066666	0	0.004514875	0.00068136	0.227492137	0.004565444	2.68E-05	0.021648445	0.006568272	0.001272438	0	0	0.010812241	8.97E-05	0.198347173	0	0.000343717	0.057771922	0.000137154	0.009146966	0.006364561
121	23	0.01816141	0.018256904	0.043412685	8.88E-07	0.010520121	0.001158834	0.007576423	0	0.004194541	0.00073152	0.207365246	0.003538304	2.80E-05	0.024867566	0.006390585	0.000793286	0	0	0.005687007	8.80E-05	0.19190254	0	0.000759702	0.0762284	0.000142983	0.008677067	0.007557789
121	24	0.016719865	0.015232432	0.033354207	1.33E-06	0.010454692	0.001116863	0.007175619	0	0.003925216	0.000786609	0.194413781	0.002594473	2.95E-05	0.028277576	0.006240617	0.000419975	0	0	0.000406444	8.79E-05	0.172830239	0	0.001557004	0.099280549	0.000150102	0.007508519	0.008890657
121	25	0.015423476	0.012510968	0.027422324	1.81E-06	0.010507661	0.001084703	0.006856957	0	0.003699418	0.000848116	0.1904625	0.001731103	3.14E-05	0.031877398	0.006118778	0.00013131	0	0	0	8.93E-05	0.140955118	0	0.002838266	0.125700968	0.000158801	0.005441268	0.010406174
121	26	0.014361749	0.010512566	0.028747098	2.36E-06	0.010768261	0.001070187	0.006666086	0	0.003537494	0.000924602	0.19964589	0.000959082	3.39E-05	0.035930669	0.006070147	0	0	0	0	9.29E-05	0.0956581	0	0.004788871	0.155527469	0.000170716	0.002197809	0.012251034
121	27	0.013421405	0.009489297	0.03484618	3.01E-06	0.01119819	0.001067432	0.006563212	0	0.003412566	0.001014266	0.219302162	0.000275157	3.69E-05	0.041698992	0.00605969	0	0	0	0	9.83E-05	0.04394836	0	0.007606358	0.189270919	0.000185594	0	0.014465471
121	28	0.01187647	0.008993285	0.0208497	3.57E-06	0.011171955	0.001017574	0.00619021	0	0.003136592	0.001058075	0.214921873	0	3.84E-05	0.052753831	0.005749274	0	0	0	0.005894876	0.00010002	0.032568405	0	0.010819623	0.222152798	0.000192883	0	0.016217596
121	29	0.00972119	0.008829091	0.024427844	3.88E-06	0.01047455	0.000908287	0.00548334	0	0.002687521	0.001027572	0.175582364	0	3.73E-05	0.064497789	0.005071765	0	0	0	0.015148339	9.56E-05	0.063554601	0	0.013657742	0.232988672	0.00018768	0	0.016927881
121	30	0.007542277	0.009062443	0.13177466	4.00E-06	0.009491136	0.000780859	0.004697208	0	0.002204483	0.000954444	0.128102464	0	3.48E-05	0.065978095	0.004270398	0	0	0	0.023809453	8.83E-05	0.074633099	0	0.015906317	0.199004085	0.000175771	0	0.016928357
121	31	0.005694979	0.009720815	0.295071529	4.05E-06	0.008573403	0.000667277	0.004021271	0	0.001782741	0.000873299	0.087898148	0	3.21E-05	0.058937184	0.003531602	0	0	0	0.030767995	8.10E-05	0.061211591	0	0.017774902	0.142037329	0.000163367	0	0.016736446
121	32	0.004228848	0.010769978	0.438000256	4.08E-06	0.007849976	0.000576804	0.003507041	0	0.001442448	0.000798655	0.059580862	0.000273439	2.98E-05	0.048070298	0.002907096	0	0	0	0.03565761	7.50E-05	0.038896497	8.19E-05	0.019488697	0.089412814	0.000153124	0.00865685	0.016635529
121	33	0.003130564	0.012362915	0.511832698	4.21E-06	0.007448168	0.000516327	0.003195818	0	0.001191205	0.000744066	0.045810993	0.001096086	2.82E-05	0.036691682	0.002423696	0	0	0	0.038758382	7.15E-05	0.01880297	0.000160499	0.02151231	0.060472955	0.000147857	0.025328652	0.016993583
121	34	0.002337253	0.01488379	0.468938765	4.53E-06	0.007493736	0.000490793	0.003126143	0	0.001024975	0.000719457	0.049946005	0.002358463	2.80E-05	0.026560249	0.00207973	6.15E-05	0	0	0.040342436	7.17E-05	0.00928007	0.000238593	0.024515299	0.073542835	0.000150369	0.052060543	0.018250676
121	35	0.001744864	0.018809264	0.253158729	5.12E-06	0.008047813	0.000500134	0.003318718	0	0.000922795	0.000721917	0.076517799	0.004401672	2.92E-05	0.017999825	0.001828632	0.000184326	0	0	0.039640226	7.57E-05	0.018692908	0.000326897	0.029054511	0.150825192	0.000161934	0.09924555	0.020732521
121	36	0.001120863	0.021747723	0	5.32E-06	0.008065295	0.000479523	0.003356591	0	0.000758581	0.000650096	0.104794686	0.006884703	2.78E-05	0.008847449	0.001413021	0.000299591	0	0	0.031685448	7.36E-05	0.044284471	0.000379965	0.031288286	0.25671015	0.000161203	0.17172257	0.021762179
121	37	0.000593842	0.021838531	0	4.81E-06	0.007173281	0.00041335	0.003085636	0	0.000541583	0.000490094	0.104585989	0.008927419	2.28E-05	0.001244641	0.000877937	0.000355019	0	0	0.018588436	6.21E-05	0.071034458	0.000361819	0.029053942	0.314798039	0.000140813	0.144847358	0.020052576
121	38	0.000304888	0.019303405	0.296098213	3.83E-06	0.005747753	0.000326868	0.002620612	0	0.000342737	0.000301687	0.067746939	0.009936732	1.62E-05	0	0.000402152	0.000335151	0	0	0.006590407	4.60E-05	0.08380205	0.000285395	0.023518208	0.284591038	0.000109306	0	0.016443534
121	39	0.000213829	0.014111433	0.535343037	2.52E-06	0.00390585	0.000224272	0.001933721	0	0.000184114	0.000128031	0.021953854	0.00903834	9.13E-06	0	7.56E-05	0.000241406	0	0	0	2.78E-05	0.071895085	0.000170895	0.015508587	0.186290394	7.08E-05	0	0.011276648
121	40	0.0003719	0.01515079	0.561955362	2.43E-06	0.004008061	0.000238486	0.002200345	0	0.000155325	3.59E-05	0	0.012046079	7.02E-06	0	0	0.000232815	0	0	0	2.39E-05	0.080762427	0.000127247	0.014644676	0.161466981	6.77E-05	0	0.01149026
121	41	0.000708142	0.015811249	0.589362374	2.24E-06	0.004126954	0.000261325	0.002553236	0	0.000145241	0	0	0.015701689	4.31E-06	0	0	0.000186751	0	0	0	1.87E-05	0.076341296	5.25E-05	0.012836168	0.121795539	6.33E-05	0	0.011526103
121	42	0.001263416	0.016030723	0.62060232	1.96E-06	0.004288248	0.000296086	0.003021946	0	0.000159129	0	0.008234912	0.020192069	9.26E-07	0.003025766	0	9.23E-05	0	0	7.72E-05	1.20E-05	0.052017449	0	0.009923448	0.076792039	5.77E-05	0	0.011404578
126	8	0	0.001713905	0.002366937	0	0.000373493	0.004894902	0.003044542	0	0.000240964	0.000763118	0	0.000660184	0.001644323	0.000126445	0.105068392	0.002097619	0	0.000317351	0.002940243	0	0	0.001935669	3.42E-05	0.007302085	0.001175572	0.002889078	0.002366616
126	9	0	0.001842149	0.002095016	0	0.000279304	0.007675538	0.003135763	0	0.000238546	0.000723369	0	0.000692432	0.0016046	0.000133925	0.155573328	0.002452805	0	0.000338392	0.002987408	0	0	0.001878012	0	0.003584892	0.001152594	0.00271842	0.002273857
126	10	0	0.002028221	0.001904288	0	0.000202247	0.010516778	0.003328084	0	0.000244885	0.00070811	0	0.000747591	0.00161703	0.000145745	0.205561107	0.002911968	0	0.00037024	0.003134922	0	0	0.001880956	0	0.000465362	0.001166852	0.002641193	0.002255974
126	11	0.000654312	0.002286934	0.001772607	0	0.000134426	0.01357294	0.003634632	0	0.000260189	0.000714573	0	0.000829805	0.001679956	0.000162817	0.250230435	0.003511429	0	0.000415392	0.003391868	0	0	0.001941425	0	0	0.001217672	0.002645087	0.002307173
126	12	0.001497261	0.002551019	0.00162821	0	6.73E-05	0.016403598	0.003942156	0	0.000276014	0.000717227	0.001097295	0.000914023	0.001736155	0.000180278	0.272095401	0.004157411	0.0415814	0.000461529	0.00365104	0	0	0.001992493	0	0	0.001263887	0.002634441	0.002346742
126	13	0.00243509	0.002705708	0.001414613	0	2.10E-06	0.018071845	0.004078566	0	0.000280662	0.000687545	0.00265213	0.000959717	0.001713906	0.000190085	0.252779215	0.004647891	0.161065295	0.000487981	0.003754581	0	0	0.001952514	0	0	0.001253002	0.002505605	0.002279651
126	14	0.003461465	0.002822753	0.001198772	0	0	0.018872593	0.00416171	0	0.000282713	0.000650669	0.004366243	0.000993251	0.001670705	0.000197386	0.207754958	0.005078428	0.30832724	0.000507831	0.003813164	0	0	0.001888458	0	0	0.001226512	0.00235226	0.002186128
126	15	0.004580016	0.00292331	0.00099597	0	0	0.018859356	0.004225052	0	0.000284473	0.000613105	0.006232163	0.001022207	0.001622027	0.000203675	0.148080054	0.005475423	0.467445877	0.000524907	0.003857682	0	0	0.001818252	0	0	0.001195652	0.002198375	0.002087357
126	16	0.005791504	0.003012927	0.000808854	0	0	0.017999981	0.004277061	0	0.000286455	0.000576347	0.008246965	0.00104849	0.001571639	0.000209335	0.082488072	0.005842165	0.623939326	0.000540201	0.003895679	0	0	0.001746268	0	0	0.001163178	0.002049339	0.001988385
126	17	0.007092016	0.003092048	0.000637173	0	0	0.016237234	0.004318442	0	0.000288636	0.000540543	0.010402759	0.001072187	0.001519987	0.000214389	0.018771551	0.006173694	0.76394303	0.000553782	0.00392753	0	0.003528594	0.001673077	0	0	0.001129421	0.001905609	0.001889808
126	18	0.007832136	0.002921057	0.00044403	0	0	0.012514278	0.004019506	0	0.000268885	0.000467387	0.011724983	0.001010349	0.001356003	0.000202239	0	0.005975019	0.804940532	0.000522756	0.003653311	0	0.008319113	0.001477721	0	0.002007911	0.001011532	0.001633261	0.001656011
126	19	0.009163227	0.002973574	0.000312431	0	0	0.009272535	0.004036559	0	0.000270956	0.000435975	0.01391519	0.001026858	0.001305855	0.000205684	0	0.006204094	0.790260461	0.000531894	0.003669228	0	0.013816221	0.001407987	0	0.004704947	0.000977915	0.001509751	0.001565623
126	20	0.010522132	0.003015117	0.00019373	0	0	0.005460904	0.004042201	0	0.000272894	0.000405385	0.016139838	0.001040342	0.001254501	0.000208457	0	0.006393486	0.774785013	0.000539188	0.003677257	0	0.019611044	0.001337333	0	0.007635509	0.00094309	0.00139076	0.00147566
126	21	0.011888449	0.003046785	8.76E-05	0	0	0.001254236	0.004037959	0	0.00027473	0.000375811	0.018362339	0.001051111	0.001202587	0.000210629	0	0.00654637	0.758809357	0.000544827	0.003678522	0	0.025575806	0.001266528	0	0.010721751	0.000907543	0.001276893	0.00138692
126	22	0.013198727	0.003059101	0	0	0	0	0.004011414	0	0.000275538	0.000346197	0.020479896	0.001055826	0.001146685	0.000211534	0	0.006643095	0.740029415	0.000547103	0.003661425	0	0.031487197	0.001192084	0	0.013845187	0.000868683	0.001164524	0.001295555
126	23	0.014454051	0.003059353	0	0	0	0	0.003972403	0	0.000275903	0.000317579	0.022489884	0.001056927	0.001090047	0.000211669	0	0.006700042	0.720331195	0.000547308	0.00363462	0	0.037260196	0.001117561	0	0.016945074	0.000828952	0.001057145	0.001205438
126	24	0.015655542	0.003052299	0	0	0	0	0.003927101	0	0.000276175	0.00029046	0.02439098	0.001055981	0.001034486	0.000211353	0	0.006728661	0.700811656	0.000546281	0.003603472	0	0.042836122	0.001044897	0	0.01997735	0.000789736	0.000956344	0.001118595
126	25	0.016799724	0.00304028	0	0	0	0	0.003878386	0	0.000276493	0.000264971	0.02617538	0.001053733	0.000980718	0.000210741	0	0.006735291	0.68191811	0.000544431	0.003570384	0	0.048160193	0.000974828	0	0.022903047	0.000751596	0.000862436	0.001035719
126	26	0.017884817	0.003025143	0	0	0	0	0.003828424	0	0.000276961	0.000241146	0.027838303	0.001050762	0.000929177	0.000209955	0	0.006725179	0.663951243	0.00054208	0.003537147	0	0.053191931	0.000907771	0	0.025692123	0.000714886	0.000775394	0.00095715
126	27	0.018908223	0.003008026	0	0	0	0	0.003778453	0	0.000277624	0.000218934	0.029373901	0.001047411	0.000880009	0.000209067	0	0.006701938	0.647039781	0.000539422	0.003504735	0	0.05789526	0.000843832	0	0.028318326	0.000679741	0.000694909	0.000882895
126	28	0.019869146	0.002989991	0	0	0	0	0.003729597	0	0.000278531	0.000198265	0.030779226	0.001044007	0.000833305	0.000208145	0	0.006668919	0.631292565	0.000536641	0.003474052	0	0.062244206	0.000783048	0	0.030761592	0.000646254	0.000620622	0.000812889
126	29	0.020768034	0.002971995	0	0	0	0	0.00368284	0	0.00027973	0.000179057	0.032053233	0.001040848	0.000789103	0.000207254	0	0.006629129	0.616795663	0.000533904	0.003445909	0	0.066220192	0.000725391	0	0.033006542	0.000614479	0.000552136	0.000747004
126	30	0.021819754	0.0029841	0	0	0	0	0.003675011	0	0.000284047	0.000162812	0.03352419	0.001048464	0.000754781	0.000208488	0	0.006650337	0.599677321	0.000536612	0.003454838	0	0.070499851	0.00067741	0	0.035387569	0.000590208	0.000493868	0.000691834
126	31	0.023888762	0.00313685	0	0	0	0	0.003840635	0	0.000302205	0.000154365	0.03650575	0.001105912	0.000755688	0.000219596	0	0.00697881	0.564322566	0.000564676	0.003628374	0	0.077905433	0.000660664	0	0.039330927	0.000593447	0.000459824	0.000668947
126	32	0.026170604	0.00331421	0	0	0	0	0.004035471	0	0.000323385	0.000146386	0.039742106	0.001172653	0.000760218	0.000232499	0	0.007355148	0.525767972	0.000597268	0.003832005	0	0.08583563	0.000645735	0	0.043536876	0.000599629	0.000427272	0.000647955
126	33	0.028689066	0.003518895	0	0	1.42E-05	0	0.00426241	0	0.000347965	0.000138679	0.043252	0.001249761	0.000768225	0.0002474	0	0.007784574	0.483793655	0.000634894	0.00406897	0	0.094316267	0.000632086	0	0.048013669	0.000608693	0.000395496	0.000628225
126	34	0.031465999	0.003753729	0	0	5.22E-05	0	0.004524457	0	0.000376361	0.000131037	0.047046664	0.001338369	0.000779528	0.000264511	0	0.008272276	0.438160825	0.000678085	0.004342705	0	0.103349042	0.000619104	0	0.052755376	0.000620546	0.000363752	0.00060905
126	35	0.034492108	0.004018395	0	0	9.70E-05	0	0.004820827	0	0.000408692	0.000123139	0.051085579	0.001438509	0.000793258	0.000283829	0	0.008816263	0.388377843	0.000726806	0.00465308	0	0.112811194	0.000605607	0	0.057689886	0.000634553	0.000331002	0.000589177
126	36	0.037779493	0.004315924	0	0	0.000149773	0	0.005154787	0	0.000445433	0.000114791	0.055354542	0.001551423	0.000809238	0.000305584	0	0.009421699	0.334610488	0.00078163	0.005003907	0	0.122623974	0.000590949	0	0.062764124	0.000650625	0.000296584	0.000567894
126	37	0.041351801	0.004651422	0	0	0.000211988	0	0.005532048	0	0.0004873	0.000105825	0.059848307	0.001679125	0.000827589	0.000330158	0	0.010097948	0.277389816	0.000843511	0.005401483	0	0.132713036	0.000574634	0	0.067923283	0.000668919	0.000259904	0.000544632
126	38	0.045200382	0.005027297	0	0	0.000285199	0	0.005955067	0	0.000534765	9.60E-05	0.064504733	0.001822688	0.000847831	0.000357748	0	0.010848146	0.217370788	0.000912916	0.005849063	0	0.142858344	0.000555655	0	0.073032895	0.000689111	0.00022011	0.00051833
126	39	0.049219338	0.005436527	0	0	0.000370485	0	0.006415168	0	0.000587306	8.48E-05	0.069114126	0.001979773	0.000867937	0.000387876	0	0.011654906	0.15552833	0.000988604	0.006338986	0	0.152489695	0.000532015	0	0.07777345	0.000709617	0.000176052	0.00048703
126	40	0.053281089	0.005871354	0	0	0.000468583	0	0.006902971	0	0.000644283	7.21E-05	0.073432714	0.002147734	0.000886059	0.00042001	0	0.012499544	0.09406141	0.001069192	0.006862706	0	0.160939484	0.00050206	0	0.081770104	0.00072897	0.00012698	0.00044916
126	41	0.057039324	0.006301348	0	0	0.000577814	0	0.007382688	0	0.00070248	5.73E-05	0.076919114	0.002315545	0.000897414	0.000451985	0	0.013315848	0.03627837	0.001149155	0.007385047	0	0.166874657	0.000462875	0	0.084306569	0.000743242	7.23E-05	0.000402142
126	42	0.057505802	0.006402502	0	0	0.000664568	0.012800621	0.007476208	0	0.000725215	3.87E-05	0.075586716	0.002363596	0.00085886	0.000460498	0.00304062	0.013424016	0	0.001169318	0.007525371	0	0.161615335	0.000394892	0	0.080990535	0.0007164	1.20E-05	0.000329801
126	43	0.054047782	0.006099619	0	0	0.000708162	0.034345179	0.00709983	0	0.000702069	1.91E-05	0.068952665	0.002262317	0.000769046	0.00043993	0.012099805	0.012684016	0	0.001115663	0.00719164	0	0.14454687	0.000305925	0	0.071635105	0.000646431	0	0.000241258
126	44	0.050869981	0.005856943	0	0	0.000753139	0.056522181	0.006796558	0	0.000685082	1.99E-06	0.062753456	0.002182582	0.000692362	0.000423614	0.017250854	0.012074674	0	0.001072897	0.006928276	0	0.128257309	0.000227659	0	0.06264615	0.00058684	0	0.000163525
126	45	0.047931901	0.00567146	0	0	0.000801134	0.079245421	0.006562077	0	0.0006742	0	0.056986382	0.002123551	0.000626835	0.000411364	0.019522396	0.011587316	0	0.001040511	0.006732154	0	0.112847302	0.000157706	0	0.054110923	0.000536149	0	9.41E-05
126	46	0.045094514	0.005530059	0	0	0.000852153	0.1023794	0.006380531	0	0.000668139	0	0.051522838	0.002080576	0.000569629	0.00040226	0.019652617	0.011192774	0	0.001016142	0.006588166	0	0.098139668	9.37E-05	0	0.045975133	0.000492108	0	3.07E-05
